submission_id,student_id,assignment_id,timestamp,status,points
S00001,S1028,A003,2025-03-30 11:58:39,submitted,
S00002,S1027,A013,2025-03-16 12:30:24,late,
S00003,S1012,A005,2025-02-13 13:20:32,graded,83.0
S00004,S1050,A015,2025-03-07 17:28:54,pending,83.0
S00005,S1018,A003,2025-03-02 20:25:17,resubmitted,83.0
S00006,S1032,A016,2025-04-14 10:21:15,late,83.0
S00007,S1002,A025,2025-03-01 01:32:32,resubmitted,83.0
S00008,S1015,A008,2025-03-16 19:50:30,graded,75.0
S00009,S1030,A020,2025-02-11 16:47:46,graded,17.0
S00010,S1030,A013,2025-02-16 11:18:35,resubmitted,17.0
S00011,S1016,A019,2025-03-13 14:52:46,submitted,17.0
S00012,S1049,A013,2025-02-23 07:23:26,submitted,17.0
S00013,S1003,A015,2025-03-31 02:34:40,pending,17.0
S00014,S1012,A007,2025-04-11 16:14:09,late,17.0
S00015,S1041,A025,2025-04-22 20:30:30,pending,17.0
S00016,S1038,A003,2025-03-19 21:09:59,pending,17.0
S00017,S1032,A025,2025-02-21 17:34:09,resubmitted,17.0
S00018,S1027,A008,2025-04-03 06:33:19,late,17.0
S00019,S1005,A004,2025-03-22 18:25:33,graded,70.0
S00020,S1049,A004,2025-04-14 21:27:11,graded,18.0
S00021,S1025,A021,2025-04-26 10:38:17,pending,18.0
S00022,S1034,A016,2025-03-16 09:02:19,late,18.0
S00023,S1022,A024,2025-04-08 03:16:28,submitted,18.0
S00024,S1004,A012,2025-04-24 21:33:54,pending,18.0
S00025,S1030,A007,2025-03-02 21:22:36,resubmitted,18.0
S00026,S1050,A014,2025-03-24 16:21:07,resubmitted,18.0
S00027,S1001,A002,2025-04-03 02:08:08,resubmitted,18.0
S00028,S1029,A020,2025-04-08 13:03:46,resubmitted,18.0
S00029,S1030,A025,2025-04-07 12:17:53,pending,18.0
S00030,S1011,A019,2025-02-24 14:23:34,graded,99.0
S00031,S1042,A004,2025-03-11 12:56:54,graded,19.0
S00032,S1047,A023,2025-04-02 01:15:57,submitted,19.0
S00033,S1035,A015,2025-03-29 13:08:47,late,19.0
S00034,S1037,A013,2025-03-26 06:28:40,graded,29.0
S00035,S1042,A014,2025-04-13 23:26:46,graded,57.0
S00036,S1028,A008,2025-04-03 09:48:22,graded,49.0
S00037,S1015,A012,2025-02-14 07:23:11,graded,30.0
S00038,S1026,A001,2025-02-03 15:57:34,graded,46.0
S00039,S1024,A001,2025-02-26 19:23:28,submitted,46.0
S00040,S1042,A018,2025-02-28 15:21:21,submitted,46.0
S00041,S1046,A007,2025-03-23 10:09:40,late,46.0
S00042,S1050,A017,2025-03-29 13:45:44,submitted,46.0
S00043,S1007,A003,2025-03-18 11:30:09,resubmitted,46.0
S00044,S1010,A018,2025-04-05 13:26:48,late,46.0
S00045,S1001,A021,2025-03-19 10:06:01,pending,46.0
S00046,S1001,A016,2025-03-20 19:15:12,pending,46.0
S00047,S1043,A017,2025-04-13 09:23:41,pending,46.0
S00048,S1044,A013,2025-02-13 20:59:16,pending,46.0
S00049,S1012,A012,2025-03-14 02:11:43,submitted,46.0
S00050,S1027,A014,2025-02-27 05:02:00,submitted,46.0
S00051,S1011,A018,2025-04-05 02:05:03,submitted,46.0
S00052,S1009,A018,2025-02-04 09:48:57,late,46.0
S00053,S1011,A006,2025-04-08 20:06:53,resubmitted,46.0
S00054,S1019,A013,2025-03-15 22:10:41,submitted,46.0
S00055,S1045,A014,2025-03-05 11:58:54,submitted,46.0
S00056,S1031,A023,2025-04-23 05:20:49,resubmitted,46.0
S00057,S1036,A014,2025-03-12 12:19:00,graded,23.0
S00058,S1026,A012,2025-03-22 05:02:40,submitted,23.0
S00059,S1020,A007,2025-03-26 17:40:46,pending,23.0
S00060,S1013,A007,2025-04-16 02:11:47,pending,23.0
S00061,S1012,A007,2025-04-08 06:24:21,pending,23.0
S00062,S1017,A001,2025-04-03 07:45:17,pending,23.0
S00063,S1046,A004,2025-02-20 01:13:56,graded,76.0
S00064,S1005,A015,2025-03-13 05:09:32,resubmitted,76.0
S00065,S1037,A018,2025-03-09 08:14:48,graded,56.0
S00066,S1019,A006,2025-03-17 00:04:43,late,56.0
S00067,S1021,A019,2025-03-27 13:10:27,resubmitted,56.0
S00068,S1004,A022,2025-04-09 02:22:29,graded,3.0
S00069,S1047,A011,2025-03-02 23:53:46,graded,19.0
S00070,S1004,A025,2025-04-03 02:21:48,late,19.0
S00071,S1028,A009,2025-04-25 05:07:22,graded,88.0
S00072,S1021,A005,2025-03-30 21:11:08,graded,58.0
S00073,S1046,A020,2025-04-22 17:23:24,resubmitted,58.0
S00074,S1031,A004,2025-03-22 12:23:09,pending,58.0
S00075,S1005,A023,2025-03-15 13:32:05,graded,69.0
S00076,S1003,A016,2025-02-24 10:13:50,submitted,69.0
S00077,S1047,A002,2025-02-04 15:53:02,submitted,69.0
S00078,S1029,A019,2025-03-19 14:27:41,graded,51.0
S00079,S1025,A022,2025-02-06 09:14:08,submitted,51.0
S00080,S1012,A006,2025-02-03 04:54:31,submitted,51.0
S00081,S1042,A008,2025-04-09 18:15:09,graded,39.0
S00082,S1050,A005,2025-02-22 22:59:10,pending,39.0
S00083,S1011,A005,2025-02-25 23:21:37,resubmitted,39.0
S00084,S1021,A006,2025-02-15 13:30:09,submitted,39.0
S00085,S1039,A010,2025-02-11 17:16:47,late,39.0
S00086,S1017,A011,2025-04-06 10:18:20,graded,23.0
S00087,S1041,A021,2025-02-12 10:00:16,late,23.0
S00088,S1048,A001,2025-02-18 07:33:02,resubmitted,23.0
S00089,S1017,A021,2025-04-22 12:34:53,submitted,23.0
S00090,S1037,A009,2025-02-12 03:42:59,submitted,23.0
S00091,S1013,A019,2025-04-19 06:52:42,graded,42.0
S00092,S1017,A012,2025-02-17 08:04:01,resubmitted,42.0
S00093,S1045,A011,2025-02-11 08:12:26,graded,99.0
S00094,S1025,A011,2025-03-14 05:37:22,pending,99.0
S00095,S1036,A008,2025-03-14 19:49:29,resubmitted,99.0
S00096,S1039,A011,2025-02-04 09:46:58,pending,99.0
S00097,S1042,A006,2025-03-13 10:43:37,late,99.0
S00098,S1033,A020,2025-04-21 09:50:21,graded,47.0
S00099,S1044,A016,2025-02-16 16:31:46,submitted,47.0
S00100,S1047,A022,2025-04-13 09:18:37,late,47.0
S00101,S1046,A004,2025-03-01 17:06:57,late,47.0
S00102,S1001,A013,2025-02-11 16:38:29,resubmitted,47.0
S00103,S1016,A006,2025-03-23 09:46:34,pending,47.0
S00104,S1024,A017,2025-03-29 22:36:28,pending,47.0
S00105,S1019,A015,2025-02-05 16:00:58,pending,47.0
S00106,S1043,A019,2025-04-21 20:03:44,submitted,47.0
S00107,S1027,A020,2025-03-29 17:28:52,pending,47.0
S00108,S1008,A018,2025-03-28 20:08:27,late,47.0
S00109,S1015,A016,2025-02-08 19:26:35,submitted,47.0
S00110,S1017,A010,2025-03-30 00:54:53,submitted,47.0
S00111,S1032,A004,2025-04-06 15:31:47,submitted,47.0
S00112,S1015,A022,2025-03-14 20:45:18,resubmitted,47.0
S00113,S1028,A018,2025-04-02 12:33:21,submitted,47.0
S00114,S1025,A023,2025-03-25 13:48:15,pending,47.0
S00115,S1030,A017,2025-03-04 08:52:00,pending,47.0
S00116,S1002,A007,2025-04-01 00:12:59,submitted,47.0
S00117,S1010,A021,2025-04-20 18:13:54,graded,61.0
S00118,S1040,A002,2025-03-06 12:40:01,late,61.0
S00119,S1043,A018,2025-04-15 00:27:56,graded,42.0
S00120,S1005,A024,2025-04-10 02:50:28,pending,42.0
S00121,S1045,A020,2025-03-06 23:12:49,late,42.0
S00122,S1047,A025,2025-02-26 07:26:31,late,42.0
S00123,S1037,A015,2025-04-05 03:27:55,submitted,42.0
S00124,S1015,A019,2025-04-15 02:27:02,graded,93.0
S00125,S1049,A016,2025-02-21 14:05:59,late,93.0
S00126,S1033,A001,2025-04-27 01:34:08,submitted,93.0
S00127,S1017,A003,2025-02-26 17:53:28,late,93.0
S00128,S1011,A021,2025-05-01 00:02:35,graded,93.0
S00129,S1044,A021,2025-04-02 03:19:56,resubmitted,93.0
S00130,S1041,A010,2025-02-13 19:55:52,submitted,93.0
S00131,S1017,A025,2025-02-14 19:32:37,late,93.0
S00132,S1010,A001,2025-02-05 03:07:16,pending,93.0
S00133,S1025,A012,2025-03-26 22:06:53,graded,22.0
S00134,S1045,A023,2025-02-20 07:35:49,late,22.0
S00135,S1017,A018,2025-03-21 01:01:22,pending,22.0
S00136,S1005,A020,2025-02-24 02:36:01,resubmitted,22.0
S00137,S1011,A003,2025-02-08 01:07:57,resubmitted,22.0
S00138,S1029,A021,2025-03-01 07:34:32,graded,59.0
S00139,S1021,A016,2025-02-23 04:17:48,late,59.0
S00140,S1045,A011,2025-02-10 02:01:40,resubmitted,59.0
S00141,S1007,A011,2025-04-28 13:30:57,graded,8.0
S00142,S1030,A007,2025-04-26 19:27:08,submitted,8.0
S00143,S1012,A009,2025-02-23 19:50:39,late,8.0
S00144,S1008,A024,2025-03-30 07:12:40,graded,73.0
S00145,S1010,A009,2025-03-19 20:43:53,graded,14.0
S00146,S1030,A009,2025-02-06 13:57:41,late,14.0
S00147,S1021,A021,2025-04-12 00:13:30,late,14.0
S00148,S1046,A002,2025-02-05 16:00:30,resubmitted,14.0
S00149,S1025,A017,2025-02-28 04:09:33,submitted,14.0
S00150,S1029,A005,2025-03-21 09:14:52,late,14.0
S00151,S1018,A002,2025-03-11 20:02:22,pending,14.0
S00152,S1032,A011,2025-02-27 09:05:09,submitted,14.0
S00153,S1015,A025,2025-02-19 13:08:28,graded,24.0
S00154,S1046,A023,2025-02-02 09:56:43,submitted,24.0
S00155,S1021,A002,2025-05-01 07:22:29,pending,24.0
S00156,S1042,A025,2025-03-30 01:21:16,late,24.0
S00157,S1009,A020,2025-03-22 20:13:45,late,24.0
S00158,S1003,A019,2025-02-16 14:18:50,late,24.0
S00159,S1005,A025,2025-02-23 16:02:48,late,24.0
S00160,S1030,A001,2025-02-26 10:32:49,resubmitted,24.0
S00161,S1045,A002,2025-02-22 21:35:23,pending,24.0
S00162,S1027,A001,2025-03-22 01:13:59,late,24.0
S00163,S1040,A010,2025-02-20 16:38:37,submitted,24.0
S00164,S1027,A005,2025-03-22 18:58:27,graded,24.0
S00165,S1050,A009,2025-03-06 09:28:52,submitted,24.0
S00166,S1009,A019,2025-03-09 17:06:43,submitted,24.0
S00167,S1040,A015,2025-04-08 07:19:05,late,24.0
S00168,S1035,A024,2025-03-06 11:38:04,resubmitted,24.0
S00169,S1035,A013,2025-03-22 08:11:57,pending,24.0
S00170,S1047,A008,2025-02-13 11:17:48,graded,5.0
S00171,S1042,A005,2025-03-19 18:44:12,pending,5.0
S00172,S1028,A007,2025-04-13 17:30:03,resubmitted,5.0
S00173,S1035,A015,2025-04-22 00:25:57,graded,99.0
S00174,S1024,A024,2025-03-11 22:24:28,submitted,99.0
S00175,S1009,A017,2025-04-24 10:54:40,submitted,99.0
S00176,S1027,A020,2025-04-24 09:06:50,resubmitted,99.0
S00177,S1021,A025,2025-02-17 04:56:07,submitted,99.0
S00178,S1007,A002,2025-04-10 12:07:28,pending,99.0
S00179,S1049,A011,2025-02-22 11:01:54,submitted,99.0
S00180,S1026,A004,2025-03-06 07:38:12,graded,50.0
S00181,S1031,A023,2025-03-27 14:49:45,resubmitted,50.0
S00182,S1040,A015,2025-04-16 02:47:50,submitted,50.0
S00183,S1014,A009,2025-02-08 22:14:06,submitted,50.0
S00184,S1009,A020,2025-02-16 04:24:31,pending,50.0
S00185,S1044,A017,2025-02-08 09:17:39,submitted,50.0
S00186,S1018,A006,2025-04-25 12:10:54,late,50.0
S00187,S1036,A021,2025-04-07 22:57:13,resubmitted,50.0
S00188,S1041,A006,2025-02-26 11:38:08,graded,79.0
S00189,S1026,A011,2025-04-09 18:11:00,resubmitted,79.0
S00190,S1019,A012,2025-02-06 01:17:56,pending,79.0
S00191,S1021,A011,2025-02-27 05:37:08,pending,79.0
S00192,S1034,A011,2025-04-01 04:28:03,pending,79.0
S00193,S1041,A025,2025-04-10 07:20:03,submitted,79.0
S00194,S1025,A019,2025-02-06 18:08:07,resubmitted,79.0
S00195,S1016,A019,2025-04-19 00:21:09,pending,79.0
S00196,S1031,A017,2025-03-25 03:28:19,pending,79.0
S00197,S1039,A019,2025-03-29 23:44:52,resubmitted,79.0
S00198,S1040,A021,2025-04-23 17:13:16,pending,79.0
S00199,S1020,A025,2025-03-01 01:15:52,submitted,79.0
S00200,S1026,A002,2025-02-16 01:16:26,graded,74.0
S00201,S1049,A002,2025-03-29 07:39:02,resubmitted,74.0
S00202,S1039,A010,2025-02-06 13:52:09,resubmitted,74.0
S00203,S1044,A021,2025-02-14 18:15:25,submitted,74.0
S00204,S1037,A017,2025-03-29 14:03:19,pending,74.0
S00205,S1002,A006,2025-05-01 16:28:47,submitted,74.0
S00206,S1050,A016,2025-03-19 00:19:35,graded,24.0
S00207,S1004,A018,2025-04-29 20:29:36,pending,24.0
S00208,S1006,A011,2025-02-24 04:28:05,submitted,24.0
S00209,S1011,A019,2025-02-23 06:31:05,late,24.0
S00210,S1013,A013,2025-04-20 07:17:59,graded,57.0
S00211,S1004,A012,2025-02-15 13:41:20,pending,57.0
S00212,S1032,A019,2025-02-15 03:29:07,resubmitted,57.0
S00213,S1015,A018,2025-03-03 17:38:19,submitted,57.0
S00214,S1046,A025,2025-02-15 20:57:28,graded,75.0
S00215,S1041,A004,2025-04-19 07:44:32,late,75.0
S00216,S1010,A012,2025-02-23 06:23:05,late,75.0
S00217,S1009,A023,2025-03-08 13:56:07,pending,75.0
S00218,S1049,A018,2025-03-23 07:36:18,resubmitted,75.0
S00219,S1050,A021,2025-04-18 15:25:15,submitted,75.0
S00220,S1020,A025,2025-02-09 12:57:31,graded,22.0
S00221,S1032,A009,2025-02-19 02:08:06,late,22.0
S00222,S1007,A005,2025-04-08 02:10:16,submitted,22.0
S00223,S1006,A024,2025-04-24 10:35:52,resubmitted,22.0
S00224,S1020,A021,2025-02-28 05:41:57,resubmitted,22.0
S00225,S1042,A017,2025-04-15 22:35:56,resubmitted,22.0
S00226,S1001,A005,2025-04-08 15:04:42,resubmitted,22.0
S00227,S1049,A014,2025-04-10 15:42:11,submitted,22.0
S00228,S1002,A022,2025-04-09 23:42:29,submitted,22.0
S00229,S1025,A018,2025-02-10 23:03:11,submitted,22.0
S00230,S1032,A004,2025-02-25 20:00:52,graded,62.0
S00231,S1044,A019,2025-04-25 00:15:32,graded,29.0
S00232,S1001,A020,2025-04-04 10:38:01,resubmitted,29.0
S00233,S1007,A023,2025-03-03 08:11:49,graded,1.0
S00234,S1029,A007,2025-04-26 21:04:18,graded,22.0
S00235,S1004,A010,2025-02-05 17:29:25,late,22.0
S00236,S1041,A006,2025-04-08 09:44:20,resubmitted,22.0
S00237,S1001,A010,2025-03-03 07:53:24,submitted,22.0
S00238,S1007,A006,2025-02-09 04:26:02,graded,71.0
S00239,S1022,A014,2025-04-11 14:00:09,late,71.0
S00240,S1042,A025,2025-03-04 00:09:45,late,71.0
S00241,S1026,A003,2025-02-28 11:08:46,resubmitted,71.0
S00242,S1024,A002,2025-02-10 02:29:35,late,71.0
S00243,S1039,A001,2025-02-26 06:24:29,late,71.0
S00244,S1006,A006,2025-03-25 05:20:02,graded,68.0
S00245,S1028,A014,2025-03-18 06:19:48,graded,44.0
S00246,S1025,A010,2025-03-12 15:33:01,pending,44.0
S00247,S1033,A025,2025-04-07 23:13:26,late,44.0
S00248,S1025,A008,2025-02-21 21:37:31,late,44.0
S00249,S1003,A019,2025-03-01 06:34:01,pending,44.0
S00250,S1048,A004,2025-03-13 08:00:50,pending,44.0
S00251,S1023,A007,2025-02-10 03:54:13,pending,44.0
S00252,S1038,A022,2025-03-31 18:53:47,submitted,44.0
S00253,S1045,A017,2025-03-19 17:04:17,submitted,44.0
S00254,S1005,A025,2025-03-03 10:02:09,graded,14.0
S00255,S1033,A016,2025-04-28 13:55:02,submitted,14.0
S00256,S1041,A023,2025-02-17 18:08:18,graded,89.0
S00257,S1015,A020,2025-02-14 10:26:48,resubmitted,89.0
S00258,S1025,A015,2025-03-26 02:56:06,late,89.0
S00259,S1006,A010,2025-04-09 20:19:17,graded,35.0
S00260,S1011,A011,2025-04-17 18:58:44,submitted,35.0
S00261,S1033,A017,2025-04-14 03:10:24,late,35.0
S00262,S1016,A005,2025-04-18 00:05:43,resubmitted,35.0
S00263,S1041,A007,2025-04-03 11:29:22,graded,73.0
S00264,S1028,A021,2025-04-13 00:30:00,resubmitted,73.0
S00265,S1046,A022,2025-03-17 08:22:52,graded,27.0
S00266,S1010,A008,2025-03-21 15:32:41,late,27.0
S00267,S1017,A019,2025-04-12 03:11:28,late,27.0
S00268,S1039,A006,2025-04-05 21:48:32,submitted,27.0
S00269,S1016,A008,2025-02-15 07:02:37,resubmitted,27.0
S00270,S1001,A013,2025-02-08 20:30:29,pending,27.0
S00271,S1026,A022,2025-04-02 12:26:52,resubmitted,27.0
S00272,S1026,A001,2025-03-08 14:08:37,graded,75.0
S00273,S1010,A015,2025-02-26 08:48:25,resubmitted,75.0
S00274,S1002,A012,2025-04-12 21:55:42,graded,79.0
S00275,S1023,A022,2025-03-24 17:34:04,late,79.0
S00276,S1025,A003,2025-04-30 21:06:28,graded,94.0
S00277,S1038,A004,2025-02-21 06:15:30,resubmitted,94.0
S00278,S1015,A021,2025-04-16 14:57:01,pending,94.0
S00279,S1044,A025,2025-02-08 17:28:00,late,94.0
S00280,S1049,A011,2025-03-28 06:42:27,submitted,94.0
S00281,S1012,A011,2025-04-26 19:51:03,graded,21.0
S00282,S1006,A020,2025-03-16 19:53:44,resubmitted,21.0
S00283,S1031,A014,2025-02-06 11:40:10,resubmitted,21.0
S00284,S1047,A010,2025-02-07 12:45:41,resubmitted,21.0
S00285,S1010,A009,2025-02-12 09:52:44,resubmitted,21.0
S00286,S1010,A023,2025-04-08 15:08:43,graded,40.0
S00287,S1025,A005,2025-03-14 21:11:37,submitted,40.0
S00288,S1026,A002,2025-02-26 18:20:27,graded,38.0
S00289,S1016,A001,2025-04-28 04:21:51,submitted,38.0
S00290,S1029,A006,2025-03-03 12:58:12,graded,50.0
S00291,S1025,A023,2025-02-02 20:44:25,resubmitted,50.0
S00292,S1050,A023,2025-02-23 00:40:21,submitted,50.0
S00293,S1014,A020,2025-04-11 03:20:35,graded,96.0
S00294,S1034,A007,2025-03-18 17:56:34,resubmitted,96.0
S00295,S1031,A013,2025-03-10 18:00:24,pending,96.0
S00296,S1015,A016,2025-03-19 17:42:31,graded,100.0
S00297,S1012,A010,2025-04-17 19:28:04,late,100.0
S00298,S1017,A006,2025-03-20 17:39:28,pending,100.0
S00299,S1020,A023,2025-02-08 20:59:06,late,100.0
S00300,S1035,A022,2025-03-21 14:21:43,graded,98.0
S00301,S1007,A005,2025-04-16 02:01:40,pending,98.0
S00302,S1010,A014,2025-02-12 03:00:55,late,98.0
S00303,S1018,A023,2025-03-30 11:55:50,pending,98.0
S00304,S1036,A015,2025-03-17 09:31:37,pending,98.0
S00305,S1037,A020,2025-04-24 19:14:53,resubmitted,98.0
S00306,S1043,A017,2025-02-08 23:37:51,pending,98.0
S00307,S1020,A023,2025-04-25 19:02:54,submitted,98.0
S00308,S1027,A023,2025-03-27 09:50:41,submitted,98.0
S00309,S1012,A015,2025-03-07 13:27:44,graded,11.0
S00310,S1047,A001,2025-03-02 10:41:21,submitted,11.0
S00311,S1036,A014,2025-03-19 17:14:05,late,11.0
S00312,S1010,A011,2025-04-19 16:30:17,pending,11.0
S00313,S1026,A017,2025-02-27 17:02:26,pending,11.0
S00314,S1005,A001,2025-03-10 14:43:28,late,11.0
S00315,S1018,A015,2025-02-09 01:53:49,graded,44.0
S00316,S1026,A020,2025-02-20 17:31:01,pending,44.0
S00317,S1048,A014,2025-04-29 12:45:57,resubmitted,44.0
S00318,S1005,A006,2025-02-04 08:36:41,resubmitted,44.0
S00319,S1017,A004,2025-03-08 07:44:28,late,44.0
S00320,S1033,A001,2025-04-13 16:11:29,graded,64.0
S00321,S1027,A025,2025-03-02 22:32:31,graded,98.0
S00322,S1031,A001,2025-02-12 21:36:00,graded,74.0
S00323,S1025,A005,2025-05-02 03:13:00,submitted,74.0
S00324,S1048,A005,2025-04-07 06:46:38,late,74.0
S00325,S1013,A013,2025-02-14 01:22:21,graded,3.0
S00326,S1026,A012,2025-04-17 11:08:40,late,3.0
S00327,S1044,A018,2025-02-08 21:03:51,late,3.0
S00328,S1031,A018,2025-03-31 10:28:51,resubmitted,3.0
S00329,S1025,A023,2025-02-15 05:33:12,late,3.0
S00330,S1021,A010,2025-04-26 15:06:27,late,3.0
S00331,S1024,A021,2025-02-08 11:04:00,late,3.0
S00332,S1038,A001,2025-03-04 02:34:40,resubmitted,3.0
S00333,S1035,A019,2025-04-21 17:49:02,graded,28.0
S00334,S1046,A018,2025-03-08 05:51:01,pending,28.0
S00335,S1024,A005,2025-03-02 00:57:24,submitted,28.0
S00336,S1022,A002,2025-02-07 10:08:49,resubmitted,28.0
S00337,S1021,A003,2025-04-15 08:40:46,submitted,28.0
S00338,S1047,A013,2025-04-05 06:21:50,graded,97.0
S00339,S1027,A001,2025-03-10 03:00:25,pending,97.0
S00340,S1033,A002,2025-03-30 01:18:32,resubmitted,97.0
S00341,S1037,A006,2025-04-05 03:18:39,resubmitted,97.0
S00342,S1014,A019,2025-04-04 23:31:35,pending,97.0
S00343,S1006,A011,2025-03-24 23:50:26,pending,97.0
S00344,S1016,A006,2025-02-16 22:43:38,resubmitted,97.0
S00345,S1032,A002,2025-02-18 05:41:56,submitted,97.0
S00346,S1007,A014,2025-03-26 13:57:59,graded,51.0
S00347,S1043,A002,2025-02-17 11:24:06,pending,51.0
S00348,S1039,A022,2025-04-10 21:19:03,late,51.0
S00349,S1034,A003,2025-02-26 20:29:48,pending,51.0
S00350,S1033,A020,2025-03-12 02:40:36,resubmitted,51.0
S00351,S1028,A022,2025-03-31 02:30:25,submitted,51.0
S00352,S1046,A016,2025-03-27 11:00:52,submitted,51.0
S00353,S1049,A012,2025-02-26 22:28:40,pending,51.0
S00354,S1045,A007,2025-03-11 03:32:17,submitted,51.0
S00355,S1048,A025,2025-02-08 13:34:30,resubmitted,51.0
S00356,S1016,A018,2025-02-23 06:32:23,late,51.0
S00357,S1025,A013,2025-04-16 20:07:55,resubmitted,51.0
S00358,S1019,A019,2025-02-20 23:19:02,resubmitted,51.0
S00359,S1030,A023,2025-03-01 05:58:54,late,51.0
S00360,S1004,A008,2025-03-02 11:02:33,late,51.0
S00361,S1028,A015,2025-03-27 00:06:41,resubmitted,51.0
S00362,S1022,A013,2025-03-16 00:47:18,submitted,51.0
S00363,S1007,A025,2025-03-05 19:45:33,resubmitted,51.0
S00364,S1026,A018,2025-04-05 12:15:11,submitted,51.0
S00365,S1027,A001,2025-03-31 18:17:55,graded,39.0
S00366,S1043,A002,2025-03-09 19:13:51,graded,65.0
S00367,S1032,A014,2025-03-14 09:48:14,submitted,65.0
S00368,S1049,A025,2025-04-13 22:42:43,submitted,65.0
S00369,S1031,A018,2025-02-17 04:06:26,pending,65.0
S00370,S1025,A004,2025-04-26 22:37:43,resubmitted,65.0
S00371,S1048,A021,2025-03-19 14:36:03,late,65.0
S00372,S1002,A015,2025-03-02 06:11:00,pending,65.0
S00373,S1047,A001,2025-02-16 09:07:45,graded,76.0
S00374,S1032,A024,2025-04-12 01:28:52,late,76.0
S00375,S1032,A007,2025-02-03 02:07:11,submitted,76.0
S00376,S1038,A020,2025-03-15 08:42:37,pending,76.0
S00377,S1038,A010,2025-03-12 05:57:58,resubmitted,76.0
S00378,S1010,A004,2025-03-20 00:16:02,resubmitted,76.0
S00379,S1024,A021,2025-03-11 21:20:01,resubmitted,76.0
S00380,S1036,A019,2025-05-01 07:04:57,pending,76.0
S00381,S1035,A009,2025-02-20 20:04:40,pending,76.0
S00382,S1028,A018,2025-03-02 14:16:39,resubmitted,76.0
S00383,S1015,A023,2025-03-27 23:52:33,submitted,76.0
S00384,S1043,A013,2025-04-28 13:52:47,pending,76.0
S00385,S1018,A004,2025-04-22 23:58:56,resubmitted,76.0
S00386,S1024,A015,2025-04-29 08:43:05,pending,76.0
S00387,S1023,A012,2025-04-14 09:04:44,graded,25.0
S00388,S1036,A003,2025-03-07 02:35:54,graded,91.0
S00389,S1029,A019,2025-03-31 16:49:43,graded,82.0
S00390,S1009,A017,2025-02-09 16:18:14,resubmitted,82.0
S00391,S1028,A003,2025-02-20 03:15:02,submitted,82.0
S00392,S1009,A021,2025-02-23 21:06:18,late,82.0
S00393,S1031,A013,2025-02-22 19:20:37,pending,82.0
S00394,S1006,A013,2025-04-11 22:10:41,pending,82.0
S00395,S1019,A025,2025-04-01 08:05:59,graded,26.0
S00396,S1050,A019,2025-03-17 15:27:11,graded,66.0
S00397,S1030,A022,2025-04-10 06:52:34,graded,46.0
S00398,S1038,A014,2025-03-02 13:28:05,graded,13.0
S00399,S1035,A003,2025-04-08 08:01:21,graded,45.0
S00400,S1015,A009,2025-02-05 15:42:40,pending,45.0
S00401,S1028,A004,2025-04-04 09:19:54,pending,45.0
S00402,S1041,A020,2025-03-16 16:57:49,resubmitted,45.0
S00403,S1008,A003,2025-04-20 20:58:07,graded,40.0
S00404,S1027,A007,2025-04-22 15:44:37,resubmitted,40.0
S00405,S1018,A002,2025-03-13 22:00:38,submitted,40.0
S00406,S1010,A004,2025-02-05 06:06:19,pending,40.0
S00407,S1007,A013,2025-04-21 20:22:34,late,40.0
S00408,S1028,A020,2025-03-14 04:40:44,pending,40.0
S00409,S1027,A016,2025-02-17 15:42:53,graded,100.0
S00410,S1033,A023,2025-04-23 20:47:52,late,100.0
S00411,S1014,A006,2025-04-21 11:31:12,late,100.0
S00412,S1025,A007,2025-03-21 15:40:15,late,100.0
S00413,S1005,A019,2025-03-13 23:23:51,pending,100.0
S00414,S1012,A010,2025-02-20 15:43:19,graded,74.0
S00415,S1033,A003,2025-04-16 02:44:42,late,74.0
S00416,S1003,A002,2025-03-15 16:08:00,graded,71.0
S00417,S1045,A020,2025-03-17 10:34:40,late,71.0
S00418,S1028,A015,2025-02-13 13:55:57,resubmitted,71.0
S00419,S1028,A019,2025-02-10 05:58:29,resubmitted,71.0
S00420,S1047,A023,2025-03-19 09:02:21,submitted,71.0
S00421,S1005,A006,2025-04-02 22:29:31,pending,71.0
S00422,S1014,A022,2025-04-17 09:55:38,pending,71.0
S00423,S1048,A025,2025-02-26 16:22:08,resubmitted,71.0
S00424,S1019,A003,2025-04-28 03:53:20,graded,35.0
S00425,S1025,A001,2025-03-21 04:48:46,submitted,35.0
S00426,S1023,A002,2025-02-01 23:37:12,graded,81.0
S00427,S1045,A022,2025-03-12 01:26:12,resubmitted,81.0
S00428,S1011,A018,2025-03-06 01:40:42,late,81.0
S00429,S1004,A002,2025-02-27 03:35:09,resubmitted,81.0
S00430,S1024,A016,2025-04-10 08:13:25,pending,81.0
S00431,S1026,A018,2025-04-26 15:02:47,resubmitted,81.0
S00432,S1040,A006,2025-02-16 10:32:08,late,81.0
S00433,S1009,A024,2025-02-06 22:40:45,submitted,81.0
S00434,S1050,A013,2025-05-02 20:38:40,resubmitted,81.0
S00435,S1047,A022,2025-04-03 10:52:29,graded,82.0
S00436,S1029,A010,2025-04-05 04:11:59,submitted,82.0
S00437,S1020,A009,2025-02-15 00:43:43,submitted,82.0
S00438,S1006,A017,2025-04-06 18:50:43,submitted,82.0
S00439,S1014,A010,2025-02-15 20:17:34,submitted,82.0
S00440,S1046,A013,2025-04-14 02:05:28,pending,82.0
S00441,S1030,A006,2025-02-08 10:37:23,graded,3.0
S00442,S1018,A024,2025-03-15 12:41:54,graded,67.0
S00443,S1031,A021,2025-04-19 16:34:41,submitted,67.0
S00444,S1043,A023,2025-04-29 09:59:02,pending,67.0
S00445,S1008,A016,2025-04-02 03:43:23,graded,18.0
S00446,S1008,A003,2025-03-15 23:39:05,graded,13.0
S00447,S1010,A008,2025-02-05 19:48:38,resubmitted,13.0
S00448,S1025,A023,2025-03-07 04:05:32,pending,13.0
S00449,S1015,A013,2025-04-21 04:19:22,resubmitted,13.0
S00450,S1039,A020,2025-03-26 05:46:42,submitted,13.0
S00451,S1048,A024,2025-04-08 08:16:28,submitted,13.0
S00452,S1027,A022,2025-03-14 04:14:51,resubmitted,13.0
S00453,S1035,A022,2025-02-11 18:03:53,late,13.0
S00454,S1028,A014,2025-04-11 01:52:07,late,13.0
S00455,S1011,A025,2025-02-16 17:42:58,submitted,13.0
S00456,S1035,A013,2025-04-26 17:21:29,submitted,13.0
S00457,S1044,A001,2025-02-15 09:41:28,submitted,13.0
S00458,S1016,A001,2025-04-11 17:14:53,resubmitted,13.0
S00459,S1002,A019,2025-05-02 20:07:19,graded,30.0
S00460,S1039,A019,2025-02-27 03:19:20,graded,70.0
S00461,S1013,A010,2025-03-25 07:08:19,pending,70.0
S00462,S1005,A023,2025-02-27 16:59:05,graded,0.0
S00463,S1049,A022,2025-04-16 00:10:07,pending,0.0
S00464,S1010,A009,2025-04-10 11:18:30,graded,38.0
S00465,S1001,A024,2025-03-19 08:24:55,pending,38.0
S00466,S1045,A010,2025-05-02 17:25:48,late,38.0
S00467,S1020,A010,2025-03-01 13:18:08,submitted,38.0
S00468,S1043,A015,2025-04-22 17:57:07,resubmitted,38.0
S00469,S1025,A014,2025-04-25 04:24:45,graded,11.0
S00470,S1039,A013,2025-02-19 21:55:59,submitted,11.0
S00471,S1015,A006,2025-02-24 18:26:43,pending,11.0
S00472,S1012,A020,2025-03-10 03:15:04,submitted,11.0
S00473,S1008,A022,2025-04-25 10:32:24,pending,11.0
S00474,S1031,A013,2025-02-09 20:15:09,submitted,11.0
S00475,S1049,A007,2025-02-14 22:36:01,submitted,11.0
S00476,S1026,A011,2025-04-25 12:26:56,pending,11.0
S00477,S1046,A001,2025-03-27 20:59:58,graded,19.0
S00478,S1025,A022,2025-03-20 02:02:43,submitted,19.0
S00479,S1045,A011,2025-04-06 20:00:04,submitted,19.0
S00480,S1047,A004,2025-04-03 01:37:05,late,19.0
S00481,S1034,A018,2025-02-22 15:30:00,submitted,19.0
S00482,S1039,A001,2025-02-28 03:26:21,resubmitted,19.0
S00483,S1041,A017,2025-02-10 08:51:12,graded,85.0
S00484,S1031,A006,2025-04-01 05:18:24,submitted,85.0
S00485,S1039,A008,2025-02-02 19:47:14,resubmitted,85.0
S00486,S1009,A025,2025-02-05 02:03:57,submitted,85.0
S00487,S1036,A012,2025-03-30 17:44:03,submitted,85.0
S00488,S1050,A012,2025-02-17 09:56:03,graded,29.0
S00489,S1008,A003,2025-04-17 03:27:37,pending,29.0
S00490,S1029,A013,2025-03-07 22:59:43,graded,62.0
S00491,S1012,A006,2025-02-28 12:49:06,submitted,62.0
S00492,S1011,A017,2025-03-11 16:41:57,resubmitted,62.0
S00493,S1047,A001,2025-04-10 18:48:51,late,62.0
S00494,S1034,A010,2025-02-13 23:52:10,submitted,62.0
S00495,S1007,A022,2025-03-28 22:04:14,resubmitted,62.0
S00496,S1038,A020,2025-04-03 21:12:48,late,62.0
S00497,S1011,A006,2025-02-27 13:27:57,pending,62.0
S00498,S1012,A023,2025-04-27 20:47:17,resubmitted,62.0
S00499,S1017,A009,2025-02-04 12:43:09,graded,55.0
S00500,S1006,A012,2025-03-29 13:37:21,late,55.0
S00501,S1045,A005,2025-02-14 21:48:50,submitted,55.0
S00502,S1038,A016,2025-04-23 03:50:44,graded,89.0
S00503,S1044,A009,2025-04-22 09:44:36,pending,89.0
S00504,S1025,A003,2025-03-27 10:34:32,late,89.0
S00505,S1048,A018,2025-02-18 04:26:02,resubmitted,89.0
S00506,S1022,A023,2025-03-30 23:03:53,submitted,89.0
S00507,S1019,A008,2025-02-19 00:15:49,submitted,89.0
S00508,S1008,A023,2025-03-20 17:34:21,late,89.0
S00509,S1018,A012,2025-03-10 12:25:46,submitted,89.0
S00510,S1050,A012,2025-02-09 08:30:52,pending,89.0
S00511,S1012,A002,2025-03-25 01:19:23,submitted,89.0
S00512,S1036,A014,2025-02-12 22:15:00,graded,65.0
S00513,S1001,A017,2025-03-21 21:01:15,submitted,65.0
S00514,S1013,A011,2025-02-23 14:47:25,pending,65.0
S00515,S1046,A010,2025-03-16 19:39:14,late,65.0
S00516,S1010,A009,2025-02-16 22:03:10,submitted,65.0
S00517,S1045,A012,2025-03-18 22:45:55,submitted,65.0
S00518,S1048,A008,2025-03-15 16:46:29,resubmitted,65.0
S00519,S1037,A025,2025-03-10 04:30:40,pending,65.0
S00520,S1012,A011,2025-03-20 07:09:33,submitted,65.0
S00521,S1032,A024,2025-02-20 00:20:28,graded,83.0
S00522,S1048,A019,2025-02-17 03:04:07,pending,83.0
S00523,S1001,A023,2025-02-27 06:55:20,graded,95.0
S00524,S1037,A024,2025-04-02 14:44:14,pending,95.0
S00525,S1049,A003,2025-04-29 22:24:40,submitted,95.0
S00526,S1047,A015,2025-02-15 19:03:40,submitted,95.0
S00527,S1042,A008,2025-03-20 11:41:30,submitted,95.0
S00528,S1012,A023,2025-03-15 17:31:13,submitted,95.0
S00529,S1025,A016,2025-02-10 20:07:13,graded,88.0
S00530,S1031,A006,2025-04-22 05:25:09,graded,6.0
S00531,S1010,A005,2025-04-13 19:22:33,resubmitted,6.0
S00532,S1006,A002,2025-04-19 03:53:35,late,6.0
S00533,S1027,A006,2025-02-11 08:10:38,submitted,6.0
S00534,S1035,A007,2025-02-03 03:49:51,pending,6.0
S00535,S1014,A006,2025-02-03 16:28:59,pending,6.0
S00536,S1006,A010,2025-04-11 18:00:57,late,6.0
S00537,S1041,A004,2025-04-24 03:48:59,pending,6.0
S00538,S1016,A018,2025-04-21 06:54:27,resubmitted,6.0
S00539,S1005,A011,2025-04-20 15:47:18,late,6.0
S00540,S1006,A022,2025-02-08 12:35:45,pending,6.0
S00541,S1039,A006,2025-02-24 04:21:23,submitted,6.0
S00542,S1031,A008,2025-02-09 14:34:40,late,6.0
S00543,S1038,A015,2025-02-15 17:22:11,pending,6.0
S00544,S1035,A017,2025-03-19 16:28:26,late,6.0
S00545,S1034,A015,2025-03-18 15:51:52,submitted,6.0
S00546,S1014,A024,2025-02-05 20:05:36,resubmitted,6.0
S00547,S1010,A008,2025-03-23 03:24:17,graded,85.0
S00548,S1026,A017,2025-04-29 22:01:28,submitted,85.0
S00549,S1048,A019,2025-02-02 12:57:25,submitted,85.0
S00550,S1048,A016,2025-04-21 20:16:05,graded,78.0
S00551,S1028,A010,2025-02-17 03:24:42,graded,58.0
S00552,S1048,A002,2025-04-01 17:45:21,graded,67.0
S00553,S1024,A005,2025-03-10 02:18:19,late,67.0
S00554,S1050,A019,2025-04-02 20:21:15,submitted,67.0
S00555,S1013,A017,2025-03-05 04:44:39,resubmitted,67.0
S00556,S1005,A008,2025-02-13 18:27:47,graded,80.0
S00557,S1042,A009,2025-02-26 04:05:09,pending,80.0
S00558,S1044,A021,2025-03-06 09:48:55,submitted,80.0
S00559,S1038,A012,2025-02-26 09:52:31,resubmitted,80.0
S00560,S1011,A022,2025-02-23 12:21:26,late,80.0
S00561,S1017,A009,2025-02-05 21:30:32,late,80.0
S00562,S1024,A023,2025-03-27 21:27:12,pending,80.0
S00563,S1024,A011,2025-05-01 15:35:15,submitted,80.0
S00564,S1001,A017,2025-03-24 20:13:42,pending,80.0
S00565,S1010,A021,2025-04-22 01:31:35,submitted,80.0
S00566,S1029,A004,2025-02-02 00:10:29,pending,80.0
S00567,S1043,A015,2025-02-28 10:05:49,pending,80.0
S00568,S1021,A008,2025-02-09 15:47:24,resubmitted,80.0
S00569,S1039,A021,2025-04-19 04:27:43,pending,80.0
S00570,S1028,A010,2025-04-08 07:58:35,graded,89.0
S00571,S1001,A018,2025-04-15 05:57:50,graded,87.0
S00572,S1009,A011,2025-02-26 05:32:45,graded,63.0
S00573,S1032,A011,2025-02-24 19:15:52,pending,63.0
S00574,S1049,A018,2025-02-13 08:39:00,graded,55.0
S00575,S1035,A008,2025-03-09 15:46:09,late,55.0
S00576,S1009,A009,2025-03-19 15:46:12,pending,55.0
S00577,S1006,A023,2025-02-12 17:50:06,submitted,55.0
S00578,S1043,A004,2025-04-19 20:58:58,graded,19.0
S00579,S1008,A020,2025-03-24 09:06:30,pending,19.0
S00580,S1031,A009,2025-04-18 16:36:42,resubmitted,19.0
S00581,S1027,A019,2025-04-17 11:04:04,late,19.0
S00582,S1006,A014,2025-03-28 05:20:50,submitted,19.0
S00583,S1045,A012,2025-04-08 16:29:50,submitted,19.0
S00584,S1025,A010,2025-04-02 16:01:59,submitted,19.0
S00585,S1046,A020,2025-02-03 16:56:49,graded,6.0
S00586,S1041,A009,2025-04-30 15:01:13,resubmitted,6.0
S00587,S1022,A004,2025-04-01 01:21:34,graded,36.0
S00588,S1037,A006,2025-02-25 01:14:38,submitted,36.0
S00589,S1025,A023,2025-03-15 05:02:26,submitted,36.0
S00590,S1040,A001,2025-02-12 23:57:32,graded,83.0
S00591,S1018,A017,2025-04-27 01:00:34,resubmitted,83.0
S00592,S1011,A011,2025-02-17 13:02:29,resubmitted,83.0
S00593,S1027,A015,2025-02-13 11:01:13,pending,83.0
S00594,S1014,A002,2025-03-11 00:44:13,resubmitted,83.0
S00595,S1032,A007,2025-04-09 15:00:26,pending,83.0
S00596,S1002,A025,2025-03-25 05:41:46,graded,45.0
S00597,S1013,A011,2025-03-25 16:00:15,pending,45.0
S00598,S1036,A007,2025-02-17 14:08:50,resubmitted,45.0
S00599,S1014,A011,2025-04-07 14:51:47,pending,45.0
S00600,S1047,A012,2025-05-01 18:41:16,submitted,45.0
S00601,S1016,A007,2025-02-23 20:32:31,submitted,45.0
S00602,S1046,A014,2025-04-14 23:48:47,pending,45.0
S00603,S1024,A009,2025-02-20 22:30:36,late,45.0
S00604,S1016,A006,2025-02-28 15:43:27,graded,72.0
S00605,S1015,A012,2025-03-08 10:23:31,submitted,72.0
S00606,S1027,A020,2025-03-22 01:20:40,pending,72.0
S00607,S1034,A007,2025-04-06 15:42:12,graded,60.0
S00608,S1031,A006,2025-04-16 16:03:08,submitted,60.0
S00609,S1020,A008,2025-05-02 13:57:39,pending,60.0
S00610,S1032,A004,2025-03-22 14:45:42,pending,60.0
S00611,S1036,A022,2025-02-28 09:02:35,late,60.0
S00612,S1030,A004,2025-04-14 10:59:56,graded,92.0
S00613,S1040,A014,2025-03-04 14:03:31,graded,36.0
S00614,S1023,A012,2025-04-14 02:48:00,late,36.0
S00615,S1039,A006,2025-03-24 10:50:00,resubmitted,36.0
S00616,S1002,A007,2025-02-27 17:32:44,graded,55.0
S00617,S1039,A013,2025-03-02 23:28:24,resubmitted,55.0
S00618,S1045,A009,2025-04-24 17:53:24,resubmitted,55.0
S00619,S1001,A014,2025-03-12 00:48:59,pending,55.0
S00620,S1039,A019,2025-04-13 12:28:58,resubmitted,55.0
S00621,S1010,A011,2025-02-22 22:02:29,late,55.0
S00622,S1033,A007,2025-03-12 09:44:18,pending,55.0
S00623,S1015,A001,2025-04-27 04:19:22,pending,55.0
S00624,S1002,A003,2025-02-11 09:22:50,pending,55.0
S00625,S1032,A006,2025-02-12 21:08:23,late,55.0
S00626,S1037,A018,2025-04-13 10:47:10,late,55.0
S00627,S1047,A001,2025-05-02 05:12:43,late,55.0
S00628,S1003,A023,2025-02-04 16:54:31,resubmitted,55.0
S00629,S1028,A021,2025-04-05 15:58:49,resubmitted,55.0
S00630,S1029,A006,2025-04-07 11:52:42,late,55.0
S00631,S1035,A014,2025-04-07 15:12:08,submitted,55.0
S00632,S1027,A024,2025-02-06 12:00:44,submitted,55.0
S00633,S1035,A014,2025-02-08 15:43:34,pending,55.0
S00634,S1007,A008,2025-04-23 06:34:40,graded,86.0
S00635,S1018,A002,2025-04-09 21:20:00,graded,75.0
S00636,S1022,A018,2025-02-04 23:39:53,resubmitted,75.0
S00637,S1048,A003,2025-03-23 14:07:23,resubmitted,75.0
S00638,S1003,A010,2025-04-05 09:43:35,graded,62.0
S00639,S1016,A012,2025-02-05 08:23:28,late,62.0
S00640,S1008,A017,2025-04-19 02:22:56,pending,62.0
S00641,S1020,A019,2025-03-18 12:45:25,resubmitted,62.0
S00642,S1005,A013,2025-02-23 14:12:04,late,62.0
S00643,S1011,A017,2025-03-04 05:41:59,resubmitted,62.0
S00644,S1027,A008,2025-04-22 15:12:05,late,62.0
S00645,S1028,A014,2025-04-23 00:35:18,submitted,62.0
S00646,S1012,A008,2025-03-06 10:56:41,late,62.0
S00647,S1047,A003,2025-03-22 04:55:43,pending,62.0
S00648,S1043,A005,2025-04-29 06:45:43,submitted,62.0
S00649,S1008,A018,2025-02-18 19:07:38,pending,62.0
S00650,S1037,A003,2025-02-25 22:31:15,submitted,62.0
S00651,S1045,A011,2025-02-09 01:48:56,submitted,62.0
S00652,S1010,A015,2025-02-10 05:02:07,pending,62.0
S00653,S1002,A012,2025-04-30 06:57:52,pending,62.0
S00654,S1006,A009,2025-03-18 12:13:31,pending,62.0
S00655,S1027,A022,2025-02-06 20:25:06,resubmitted,62.0
S00656,S1025,A005,2025-02-25 11:38:18,late,62.0
S00657,S1003,A019,2025-02-26 16:28:50,graded,73.0
S00658,S1048,A023,2025-03-17 14:16:27,graded,65.0
S00659,S1034,A011,2025-04-13 08:54:41,resubmitted,65.0
S00660,S1013,A009,2025-04-19 16:19:43,graded,35.0
S00661,S1021,A017,2025-02-16 23:28:18,pending,35.0
S00662,S1021,A009,2025-03-12 23:46:08,late,35.0
S00663,S1031,A007,2025-02-25 23:29:42,late,35.0
S00664,S1001,A002,2025-02-23 11:55:00,submitted,35.0
S00665,S1018,A015,2025-02-11 11:49:56,graded,85.0
S00666,S1026,A005,2025-02-24 17:50:24,resubmitted,85.0
S00667,S1042,A006,2025-03-09 09:42:02,late,85.0
S00668,S1048,A021,2025-04-23 13:44:05,submitted,85.0
S00669,S1008,A005,2025-04-04 08:53:51,pending,85.0
S00670,S1041,A003,2025-03-31 10:39:18,resubmitted,85.0
S00671,S1001,A025,2025-02-02 06:00:17,submitted,85.0
S00672,S1006,A005,2025-03-30 22:18:29,resubmitted,85.0
S00673,S1009,A002,2025-03-21 06:17:09,pending,85.0
S00674,S1007,A018,2025-03-21 22:27:24,resubmitted,85.0
S00675,S1007,A010,2025-03-11 09:20:50,resubmitted,85.0
S00676,S1027,A014,2025-04-06 02:38:40,late,85.0
S00677,S1029,A002,2025-03-21 19:04:40,submitted,85.0
S00678,S1041,A009,2025-04-17 08:36:09,late,85.0
S00679,S1041,A022,2025-03-19 23:22:03,late,85.0
S00680,S1049,A015,2025-04-11 05:03:13,resubmitted,85.0
S00681,S1006,A009,2025-02-24 18:51:44,resubmitted,85.0
S00682,S1016,A011,2025-03-08 00:02:07,resubmitted,85.0
S00683,S1028,A024,2025-02-17 22:13:43,late,85.0
S00684,S1010,A022,2025-03-25 20:33:27,resubmitted,85.0
S00685,S1030,A025,2025-05-02 14:20:30,graded,49.0
S00686,S1003,A002,2025-04-02 05:24:00,graded,39.0
S00687,S1050,A019,2025-02-02 00:18:50,pending,39.0
S00688,S1006,A021,2025-02-16 20:04:57,graded,13.0
S00689,S1039,A008,2025-03-10 03:17:43,pending,13.0
S00690,S1007,A012,2025-02-11 16:48:27,resubmitted,13.0
S00691,S1007,A018,2025-04-19 04:58:27,resubmitted,13.0
S00692,S1040,A010,2025-02-07 09:05:15,submitted,13.0
S00693,S1020,A017,2025-04-01 15:41:49,graded,42.0
S00694,S1028,A001,2025-03-27 11:21:33,resubmitted,42.0
S00695,S1025,A019,2025-03-09 16:38:17,resubmitted,42.0
S00696,S1043,A009,2025-03-31 21:16:27,resubmitted,42.0
S00697,S1025,A024,2025-04-10 22:29:25,pending,42.0
S00698,S1030,A015,2025-03-08 21:05:03,resubmitted,42.0
S00699,S1028,A025,2025-02-08 07:52:28,late,42.0
S00700,S1016,A010,2025-02-03 13:10:56,submitted,42.0
S00701,S1006,A025,2025-04-10 14:41:34,resubmitted,42.0
S00702,S1009,A006,2025-04-02 07:51:02,submitted,42.0
S00703,S1019,A001,2025-04-03 22:23:39,submitted,42.0
S00704,S1023,A001,2025-03-20 17:45:25,graded,21.0
S00705,S1038,A023,2025-04-21 13:10:38,resubmitted,21.0
S00706,S1011,A001,2025-02-11 09:50:53,late,21.0
S00707,S1048,A004,2025-03-18 10:30:10,late,21.0
S00708,S1050,A006,2025-02-05 23:05:21,pending,21.0
S00709,S1020,A008,2025-02-26 16:53:31,late,21.0
S00710,S1012,A001,2025-03-24 03:30:19,late,21.0
S00711,S1020,A003,2025-04-08 05:37:51,pending,21.0
S00712,S1036,A021,2025-03-08 18:31:03,graded,58.0
S00713,S1047,A017,2025-03-19 22:54:12,late,58.0
S00714,S1019,A004,2025-04-07 20:48:43,late,58.0
S00715,S1029,A005,2025-02-22 01:25:25,submitted,58.0
S00716,S1046,A023,2025-03-18 05:43:17,late,58.0
S00717,S1021,A016,2025-02-11 12:54:37,late,58.0
S00718,S1025,A024,2025-02-08 12:59:42,pending,58.0
S00719,S1029,A015,2025-02-26 12:55:22,pending,58.0
S00720,S1032,A017,2025-05-01 05:08:14,pending,58.0
S00721,S1024,A007,2025-04-15 02:45:20,resubmitted,58.0
S00722,S1011,A011,2025-03-25 16:05:59,resubmitted,58.0
S00723,S1016,A011,2025-03-05 07:00:30,pending,58.0
S00724,S1037,A011,2025-02-13 12:22:03,resubmitted,58.0
S00725,S1018,A004,2025-03-02 04:11:58,late,58.0
S00726,S1027,A002,2025-03-01 22:11:03,late,58.0
S00727,S1036,A016,2025-02-14 05:13:06,resubmitted,58.0
S00728,S1016,A001,2025-03-26 08:32:32,pending,58.0
S00729,S1019,A018,2025-04-16 08:21:53,graded,93.0
S00730,S1003,A014,2025-04-25 12:08:56,resubmitted,93.0
S00731,S1042,A004,2025-03-02 20:16:23,resubmitted,93.0
S00732,S1048,A005,2025-03-09 02:17:19,submitted,93.0
S00733,S1037,A022,2025-03-10 22:21:27,pending,93.0
S00734,S1013,A008,2025-04-18 17:14:56,graded,42.0
S00735,S1045,A016,2025-03-29 14:22:53,submitted,42.0
S00736,S1007,A011,2025-03-08 09:15:09,submitted,42.0
S00737,S1034,A018,2025-02-01 23:15:14,graded,25.0
S00738,S1037,A011,2025-03-24 09:58:10,resubmitted,25.0
S00739,S1022,A009,2025-03-07 13:58:46,submitted,25.0
S00740,S1041,A011,2025-04-29 23:06:17,late,25.0
S00741,S1039,A013,2025-03-07 06:27:49,late,25.0
S00742,S1031,A002,2025-04-25 01:00:12,resubmitted,25.0
S00743,S1031,A014,2025-04-13 07:25:11,pending,25.0
S00744,S1004,A020,2025-03-27 12:59:16,resubmitted,25.0
S00745,S1026,A018,2025-02-24 17:28:45,resubmitted,25.0
S00746,S1004,A012,2025-02-11 08:44:51,pending,25.0
S00747,S1016,A009,2025-03-03 18:33:27,submitted,25.0
S00748,S1012,A015,2025-03-09 01:22:18,resubmitted,25.0
S00749,S1017,A021,2025-03-21 11:35:03,submitted,25.0
S00750,S1008,A009,2025-02-19 02:19:16,pending,25.0
S00751,S1022,A001,2025-02-25 04:50:23,late,25.0
S00752,S1028,A019,2025-02-25 14:58:17,graded,69.0
S00753,S1015,A010,2025-02-05 07:39:19,late,69.0
S00754,S1007,A004,2025-02-04 16:05:56,resubmitted,69.0
S00755,S1023,A010,2025-04-15 22:01:16,pending,69.0
S00756,S1034,A002,2025-04-03 20:24:27,resubmitted,69.0
S00757,S1025,A001,2025-03-12 04:27:14,resubmitted,69.0
S00758,S1013,A010,2025-04-04 11:52:11,pending,69.0
S00759,S1014,A001,2025-04-03 02:09:49,graded,52.0
S00760,S1028,A007,2025-03-03 23:02:34,pending,52.0
S00761,S1008,A014,2025-03-10 08:57:34,submitted,52.0
S00762,S1024,A024,2025-03-05 06:07:42,graded,57.0
S00763,S1013,A024,2025-03-29 16:45:09,submitted,57.0
S00764,S1017,A012,2025-03-06 12:51:42,resubmitted,57.0
S00765,S1013,A014,2025-02-19 22:44:05,late,57.0
S00766,S1013,A003,2025-04-01 04:17:39,late,57.0
S00767,S1005,A023,2025-02-16 23:19:57,submitted,57.0
S00768,S1046,A002,2025-03-27 18:54:06,submitted,57.0
S00769,S1008,A022,2025-02-05 19:44:42,late,57.0
S00770,S1035,A016,2025-03-19 15:06:17,late,57.0
S00771,S1047,A018,2025-02-04 09:43:54,submitted,57.0
S00772,S1029,A024,2025-03-22 08:46:02,pending,57.0
S00773,S1039,A017,2025-02-11 00:06:42,pending,57.0
S00774,S1045,A013,2025-03-27 11:08:09,graded,1.0
S00775,S1045,A014,2025-04-26 14:01:09,graded,55.0
S00776,S1033,A022,2025-03-23 02:27:13,resubmitted,55.0
S00777,S1013,A007,2025-02-10 10:57:39,graded,41.0
S00778,S1003,A020,2025-03-26 14:02:22,late,41.0
S00779,S1015,A018,2025-02-08 06:46:45,late,41.0
S00780,S1032,A005,2025-04-19 10:14:26,resubmitted,41.0
S00781,S1039,A024,2025-02-06 04:49:36,submitted,41.0
S00782,S1018,A002,2025-03-08 19:37:58,resubmitted,41.0
S00783,S1013,A020,2025-02-24 05:21:14,resubmitted,41.0
S00784,S1025,A020,2025-03-24 00:50:19,pending,41.0
S00785,S1034,A009,2025-03-20 07:48:13,late,41.0
S00786,S1033,A010,2025-02-25 23:07:48,pending,41.0
S00787,S1021,A007,2025-04-26 02:43:23,graded,22.0
S00788,S1024,A024,2025-03-24 02:11:21,submitted,22.0
S00789,S1006,A011,2025-04-17 16:35:26,late,22.0
S00790,S1043,A012,2025-03-24 11:25:21,resubmitted,22.0
S00791,S1037,A014,2025-02-16 16:57:17,submitted,22.0
S00792,S1003,A007,2025-02-19 14:09:36,late,22.0
S00793,S1003,A006,2025-02-02 22:21:03,submitted,22.0
S00794,S1047,A020,2025-02-15 01:07:05,graded,84.0
S00795,S1035,A013,2025-02-07 17:59:48,submitted,84.0
S00796,S1032,A008,2025-03-23 03:28:30,resubmitted,84.0
S00797,S1021,A023,2025-03-09 05:34:14,resubmitted,84.0
S00798,S1023,A002,2025-03-07 10:15:40,submitted,84.0
S00799,S1041,A018,2025-02-10 19:14:46,graded,86.0
S00800,S1025,A003,2025-03-03 01:59:44,late,86.0
S00801,S1025,A014,2025-02-15 07:46:15,resubmitted,86.0
S00802,S1020,A008,2025-03-13 20:43:10,graded,61.0
S00803,S1049,A023,2025-02-02 04:09:00,resubmitted,61.0
S00804,S1041,A025,2025-04-10 17:52:36,submitted,61.0
S00805,S1006,A001,2025-03-22 12:58:29,submitted,61.0
S00806,S1004,A021,2025-04-29 00:26:04,late,61.0
S00807,S1042,A013,2025-04-29 15:00:57,resubmitted,61.0
S00808,S1040,A004,2025-02-21 13:42:36,resubmitted,61.0
S00809,S1043,A019,2025-03-20 03:24:09,resubmitted,61.0
S00810,S1034,A019,2025-03-08 17:44:33,graded,34.0
S00811,S1009,A012,2025-02-16 10:38:44,graded,43.0
S00812,S1048,A007,2025-02-10 15:10:00,graded,62.0
S00813,S1049,A019,2025-02-08 16:27:10,submitted,62.0
S00814,S1024,A025,2025-02-24 06:57:02,graded,22.0
S00815,S1023,A014,2025-03-07 06:39:12,graded,28.0
S00816,S1014,A016,2025-02-21 02:05:19,resubmitted,28.0
S00817,S1013,A010,2025-03-26 22:46:25,pending,28.0
S00818,S1039,A003,2025-04-02 20:08:59,submitted,28.0
S00819,S1002,A025,2025-04-23 13:33:02,submitted,28.0
S00820,S1002,A006,2025-02-26 05:13:25,late,28.0
S00821,S1002,A003,2025-04-20 21:26:40,late,28.0
S00822,S1029,A015,2025-03-10 07:54:19,submitted,28.0
S00823,S1025,A013,2025-04-28 08:10:19,late,28.0
S00824,S1024,A022,2025-03-30 09:30:46,resubmitted,28.0
S00825,S1049,A016,2025-03-26 16:37:48,graded,37.0
S00826,S1020,A004,2025-02-11 07:16:53,late,37.0
S00827,S1047,A017,2025-03-04 00:46:18,pending,37.0
S00828,S1019,A006,2025-02-10 22:42:55,graded,94.0
S00829,S1012,A016,2025-02-26 11:37:36,late,94.0
S00830,S1005,A023,2025-04-03 06:15:10,resubmitted,94.0
S00831,S1004,A022,2025-04-14 20:59:04,resubmitted,94.0
S00832,S1031,A018,2025-04-13 03:08:29,pending,94.0
S00833,S1043,A003,2025-02-21 12:59:41,graded,61.0
S00834,S1008,A014,2025-02-08 16:15:21,graded,67.0
S00835,S1019,A025,2025-03-30 23:29:01,pending,67.0
S00836,S1041,A024,2025-04-30 07:43:16,pending,67.0
S00837,S1039,A021,2025-02-09 04:29:45,late,67.0
S00838,S1025,A008,2025-04-09 20:37:46,pending,67.0
S00839,S1045,A005,2025-03-17 16:48:46,pending,67.0
S00840,S1020,A003,2025-03-03 15:03:53,resubmitted,67.0
S00841,S1042,A012,2025-02-02 04:21:13,pending,67.0
S00842,S1030,A008,2025-04-27 16:17:36,late,67.0
S00843,S1013,A002,2025-04-01 11:01:16,pending,67.0
S00844,S1031,A002,2025-02-23 09:44:29,pending,67.0
S00845,S1011,A023,2025-02-28 11:15:32,late,67.0
S00846,S1038,A018,2025-03-08 20:26:34,late,67.0
S00847,S1032,A002,2025-03-02 05:43:37,pending,67.0
S00848,S1029,A021,2025-04-07 11:04:06,late,67.0
S00849,S1018,A010,2025-05-01 04:23:51,resubmitted,67.0
S00850,S1025,A007,2025-04-21 02:54:40,resubmitted,67.0
S00851,S1025,A009,2025-03-20 13:37:47,resubmitted,67.0
S00852,S1037,A014,2025-04-25 12:40:10,resubmitted,67.0
S00853,S1037,A004,2025-02-26 02:04:33,submitted,67.0
S00854,S1006,A001,2025-02-08 16:49:35,resubmitted,67.0
S00855,S1009,A006,2025-04-12 16:58:08,submitted,67.0
S00856,S1041,A017,2025-02-10 22:17:17,resubmitted,67.0
S00857,S1049,A019,2025-03-08 09:04:15,pending,67.0
S00858,S1035,A003,2025-02-17 18:57:15,late,67.0
S00859,S1028,A024,2025-03-28 07:54:30,pending,67.0
S00860,S1027,A013,2025-02-05 02:02:13,pending,67.0
S00861,S1043,A018,2025-02-18 16:12:26,late,67.0
S00862,S1010,A008,2025-03-09 22:26:12,submitted,67.0
S00863,S1005,A008,2025-04-06 14:54:02,pending,67.0
S00864,S1022,A023,2025-02-17 21:30:44,late,67.0
S00865,S1021,A024,2025-02-27 13:17:53,pending,67.0
S00866,S1044,A010,2025-03-08 23:30:27,graded,2.0
S00867,S1014,A003,2025-03-19 11:16:43,graded,69.0
S00868,S1043,A004,2025-02-07 07:14:13,submitted,69.0
S00869,S1049,A021,2025-02-22 16:57:46,late,69.0
S00870,S1018,A016,2025-02-07 02:24:37,graded,24.0
S00871,S1004,A017,2025-02-11 11:25:35,resubmitted,24.0
S00872,S1006,A009,2025-02-19 09:30:57,late,24.0
S00873,S1029,A012,2025-03-16 10:04:42,resubmitted,24.0
S00874,S1046,A011,2025-04-08 22:53:03,resubmitted,24.0
S00875,S1049,A012,2025-04-26 16:31:41,submitted,24.0
S00876,S1029,A025,2025-02-24 09:03:56,late,24.0
S00877,S1001,A003,2025-03-13 08:04:58,resubmitted,24.0
S00878,S1045,A009,2025-04-24 12:39:02,pending,24.0
S00879,S1030,A013,2025-03-09 16:27:17,graded,67.0
S00880,S1006,A012,2025-04-14 09:28:48,pending,67.0
S00881,S1005,A014,2025-03-11 19:59:53,resubmitted,67.0
S00882,S1022,A021,2025-04-08 04:43:13,submitted,67.0
S00883,S1029,A005,2025-04-18 21:45:51,pending,67.0
S00884,S1025,A009,2025-02-16 20:10:13,submitted,67.0
S00885,S1050,A007,2025-03-16 00:37:14,submitted,67.0
S00886,S1008,A016,2025-04-27 04:06:13,submitted,67.0
S00887,S1020,A016,2025-05-01 08:07:00,late,67.0
S00888,S1012,A022,2025-02-14 01:23:31,pending,67.0
S00889,S1045,A010,2025-03-05 23:21:52,late,67.0
S00890,S1007,A019,2025-03-13 05:41:21,resubmitted,67.0
S00891,S1006,A013,2025-03-01 06:08:50,resubmitted,67.0
S00892,S1007,A018,2025-04-07 03:04:41,submitted,67.0
S00893,S1022,A009,2025-04-25 22:53:05,submitted,67.0
S00894,S1002,A017,2025-03-05 10:34:59,late,67.0
S00895,S1034,A024,2025-04-21 07:56:24,submitted,67.0
S00896,S1043,A022,2025-04-01 15:35:25,resubmitted,67.0
S00897,S1050,A006,2025-02-03 17:13:05,graded,97.0
S00898,S1040,A013,2025-04-10 04:15:25,submitted,97.0
S00899,S1045,A020,2025-03-31 06:31:16,submitted,97.0
S00900,S1041,A020,2025-03-18 19:53:36,pending,97.0
S00901,S1035,A019,2025-03-15 05:28:16,resubmitted,97.0
S00902,S1048,A019,2025-04-10 09:23:17,submitted,97.0
S00903,S1015,A004,2025-02-12 02:17:22,pending,97.0
S00904,S1032,A001,2025-04-25 01:10:42,pending,97.0
S00905,S1030,A017,2025-04-14 19:48:36,submitted,97.0
S00906,S1022,A015,2025-05-01 01:23:10,resubmitted,97.0
S00907,S1045,A019,2025-04-09 00:12:03,submitted,97.0
S00908,S1028,A016,2025-02-08 09:50:26,graded,41.0
S00909,S1028,A016,2025-02-06 15:23:35,pending,41.0
S00910,S1034,A014,2025-03-15 15:51:31,graded,69.0
S00911,S1035,A011,2025-02-13 08:27:43,graded,70.0
S00912,S1012,A001,2025-02-21 10:00:16,pending,70.0
S00913,S1024,A005,2025-04-06 10:35:30,pending,70.0
S00914,S1024,A015,2025-04-02 06:54:01,resubmitted,70.0
S00915,S1004,A003,2025-04-27 07:54:29,resubmitted,70.0
S00916,S1019,A023,2025-02-09 23:13:59,resubmitted,70.0
S00917,S1002,A013,2025-03-23 19:05:12,pending,70.0
S00918,S1036,A011,2025-02-10 13:20:31,submitted,70.0
S00919,S1035,A018,2025-04-05 02:37:21,submitted,70.0
S00920,S1006,A013,2025-04-08 17:43:51,graded,68.0
S00921,S1032,A007,2025-02-28 06:20:55,pending,68.0
S00922,S1004,A018,2025-04-18 02:02:39,resubmitted,68.0
S00923,S1008,A023,2025-02-26 09:01:24,pending,68.0
S00924,S1026,A014,2025-03-17 20:03:09,resubmitted,68.0
S00925,S1030,A022,2025-02-11 14:14:40,graded,73.0
S00926,S1021,A010,2025-02-04 05:31:02,late,73.0
S00927,S1013,A004,2025-04-18 18:35:28,late,73.0
S00928,S1049,A024,2025-03-01 18:12:51,late,73.0
S00929,S1044,A013,2025-03-28 06:14:42,late,73.0
S00930,S1040,A021,2025-04-18 12:26:01,graded,75.0
S00931,S1040,A012,2025-03-18 17:12:38,submitted,75.0
S00932,S1015,A021,2025-04-04 10:50:40,pending,75.0
S00933,S1023,A015,2025-02-03 23:58:10,submitted,75.0
S00934,S1007,A014,2025-03-26 23:33:30,resubmitted,75.0
S00935,S1023,A003,2025-04-03 14:46:53,late,75.0
S00936,S1011,A024,2025-02-28 04:10:55,submitted,75.0
S00937,S1012,A008,2025-03-24 06:41:01,graded,68.0
S00938,S1040,A022,2025-02-20 05:33:37,submitted,68.0
S00939,S1013,A018,2025-02-13 01:34:09,resubmitted,68.0
S00940,S1047,A015,2025-03-11 23:25:47,submitted,68.0
S00941,S1018,A001,2025-03-29 13:57:50,graded,89.0
S00942,S1012,A024,2025-05-01 13:43:23,graded,18.0
S00943,S1037,A006,2025-02-16 11:53:55,resubmitted,18.0
S00944,S1050,A019,2025-04-18 23:27:59,resubmitted,18.0
S00945,S1013,A015,2025-03-15 05:11:31,late,18.0
S00946,S1008,A001,2025-04-13 04:35:27,pending,18.0
S00947,S1036,A012,2025-02-21 05:16:53,late,18.0
S00948,S1046,A015,2025-02-14 10:29:10,graded,17.0
S00949,S1003,A014,2025-03-12 09:46:17,graded,47.0
S00950,S1018,A019,2025-04-05 17:42:32,submitted,47.0
S00951,S1024,A019,2025-03-22 04:48:16,late,47.0
S00952,S1002,A008,2025-03-18 05:22:54,resubmitted,47.0
S00953,S1043,A008,2025-03-19 18:15:51,resubmitted,47.0
S00954,S1024,A023,2025-04-30 01:48:39,submitted,47.0
S00955,S1033,A025,2025-04-11 03:40:23,pending,47.0
S00956,S1014,A001,2025-04-12 14:02:23,graded,71.0
S00957,S1009,A019,2025-02-27 03:35:48,pending,71.0
S00958,S1008,A015,2025-05-02 12:01:14,submitted,71.0
S00959,S1018,A019,2025-04-09 18:38:58,graded,62.0
S00960,S1010,A019,2025-03-02 20:37:45,late,62.0
S00961,S1029,A024,2025-04-03 01:52:34,submitted,62.0
S00962,S1038,A003,2025-03-15 12:38:41,late,62.0
S00963,S1029,A023,2025-04-02 15:48:42,pending,62.0
S00964,S1050,A001,2025-02-05 08:08:51,resubmitted,62.0
S00965,S1049,A015,2025-02-16 01:30:31,submitted,62.0
S00966,S1011,A023,2025-04-13 16:10:59,pending,62.0
S00967,S1035,A018,2025-04-11 20:18:33,late,62.0
S00968,S1014,A019,2025-03-16 20:28:54,pending,62.0
S00969,S1032,A001,2025-04-17 08:19:54,pending,62.0
S00970,S1029,A016,2025-02-05 15:51:03,submitted,62.0
S00971,S1021,A022,2025-02-18 04:51:13,resubmitted,62.0
S00972,S1044,A006,2025-02-27 20:12:51,resubmitted,62.0
S00973,S1016,A003,2025-02-06 04:27:13,late,62.0
S00974,S1040,A019,2025-02-22 22:52:29,late,62.0
S00975,S1007,A001,2025-04-29 19:11:01,late,62.0
S00976,S1026,A016,2025-04-06 06:49:40,resubmitted,62.0
S00977,S1003,A002,2025-03-31 00:38:51,late,62.0
S00978,S1047,A011,2025-04-22 18:33:24,resubmitted,62.0
S00979,S1010,A016,2025-02-04 04:44:51,pending,62.0
S00980,S1033,A007,2025-02-12 08:15:33,pending,62.0
S00981,S1008,A018,2025-02-07 18:13:45,late,62.0
S00982,S1050,A009,2025-02-20 03:10:09,submitted,62.0
S00983,S1030,A004,2025-03-03 04:05:46,pending,62.0
S00984,S1036,A021,2025-02-22 23:06:53,submitted,62.0
S00985,S1022,A024,2025-03-03 16:43:01,resubmitted,62.0
S00986,S1002,A018,2025-02-14 16:33:11,graded,81.0
S00987,S1023,A022,2025-04-29 02:44:41,pending,81.0
S00988,S1035,A023,2025-03-12 09:02:59,pending,81.0
S00989,S1024,A018,2025-02-11 06:31:25,pending,81.0
S00990,S1032,A009,2025-03-23 00:35:56,pending,81.0
S00991,S1044,A023,2025-04-19 12:48:55,resubmitted,81.0
S00992,S1027,A021,2025-03-16 12:40:02,resubmitted,81.0
S00993,S1035,A005,2025-02-18 10:44:37,late,81.0
S00994,S1011,A018,2025-03-12 13:43:01,resubmitted,81.0
S00995,S1011,A011,2025-02-02 16:18:39,resubmitted,81.0
S00996,S1027,A009,2025-03-18 16:53:31,submitted,81.0
S00997,S1045,A024,2025-04-10 20:57:42,graded,37.0
S00998,S1009,A013,2025-03-09 00:01:36,pending,37.0
S00999,S1035,A010,2025-05-01 16:03:15,submitted,37.0
S01000,S1027,A014,2025-04-19 22:15:14,submitted,37.0
