login_id,student_id,timestamp,session_duration_minutes,device_type
L0001,S1041,2025-02-12T16:20:43,8,mobile
L0002,S1016,2025-02-23T13:02:38,22,desktop
L0003,S1044,2025-04-14T18:48:22,119,desktop
L0004,S1038,2025-03-14T20:04:27,9,desktop
L0005,S1006,2025-02-23T02:23:19,34,desktop
L0006,S1036,2025-02-21T04:15:02,96,tablet
L0007,S1015,2025-03-17T11:39:29,80,mobile
L0008,S1001,2025-04-16T13:04:28,108,laptop
L0009,S1045,2025-03-14T21:41:17,48,mobile
L0010,S1010,2025-02-22T18:38:33,102,mobile
L0011,S1007,2025-02-10T21:02:19,53,desktop
L0012,S1023,2025-04-25T03:43:49,49,mobile
L0013,S1003,2025-04-13T17:19:24,63,desktop
L0014,S1025,2025-02-09T12:32:34,75,mobile
L0015,S1041,2025-04-02T22:10:50,118,mobile
L0016,S1037,2025-02-20T12:59:24,95,desktop
L0017,S1003,2025-04-07T01:46:49,34,mobile
L0018,S1006,2025-04-25T21:57:36,34,desktop
L0019,S1025,2025-02-28T20:39:02,63,mobile
L0020,S1011,2025-03-09T19:30:34,50,laptop
L0021,S1043,2025-02-27T19:01:43,94,desktop
L0022,S1039,2025-04-04T12:31:54,26,laptop
L0023,S1011,2025-03-18T18:04:10,53,mobile
L0024,S1041,2025-04-09T16:27:31,76,laptop
L0025,S1044,2025-03-05T08:33:31,112,desktop
L0026,S1015,2025-04-22T15:51:50,9,mobile
L0027,S1026,2025-02-27T20:48:24,13,laptop
L0028,S1037,2025-04-27T23:00:35,96,mobile
L0029,S1014,2025-04-06T12:12:29,68,tablet
L0030,S1042,2025-03-18T10:07:39,23,mobile
L0031,S1009,2025-02-25T19:36:32,100,mobile
L0032,S1048,2025-03-30T15:06:33,59,tablet
L0033,S1024,2025-02-23T03:58:46,22,tablet
L0034,S1006,2025-04-16T06:01:31,11,desktop
L0035,S1010,2025-04-03T18:58:49,25,tablet
L0036,S1039,2025-02-08T00:57:20,54,tablet
L0037,S1039,2025-03-19T07:33:38,72,mobile
L0038,S1036,2025-04-26T10:41:14,6,desktop
L0039,S1044,2025-04-28T18:37:54,73,mobile
L0040,S1050,2025-04-05T02:28:28,48,desktop
L0041,S1019,2025-03-16T02:00:06,25,tablet
L0042,S1001,2025-04-12T23:31:18,117,mobile
L0043,S1033,2025-04-16T20:25:33,27,desktop
L0044,S1041,2025-03-02T20:21:07,112,laptop
L0045,S1010,2025-03-10T04:12:27,102,laptop
L0046,S1035,2025-04-18T11:15:23,72,desktop
L0047,S1039,2025-03-05T08:15:49,67,desktop
L0048,S1008,2025-03-09T02:43:54,117,mobile
L0049,S1016,2025-02-07T11:54:02,35,desktop
L0050,S1006,2025-04-13T22:23:36,67,desktop
L0051,S1049,2025-03-25T14:13:14,103,laptop
L0052,S1009,2025-04-06T22:15:22,65,laptop
L0053,S1017,2025-03-25T02:29:39,116,tablet
L0054,S1014,2025-03-26T05:34:34,101,laptop
L0055,S1046,2025-03-04T03:16:36,56,mobile
L0056,S1029,2025-04-30T05:10:40,71,tablet
L0057,S1008,2025-02-25T22:35:14,33,desktop
L0058,S1022,2025-02-03T21:56:19,80,laptop
L0059,S1038,2025-02-23T06:04:08,5,desktop
L0060,S1046,2025-04-04T03:30:06,12,laptop
L0061,S1005,2025-04-30T18:42:24,9,mobile
L0062,S1005,2025-03-23T18:59:45,35,mobile
L0063,S1043,2025-03-21T00:01:22,32,laptop
L0064,S1047,2025-04-28T13:01:36,78,tablet
L0065,S1016,2025-04-19T01:13:15,65,tablet
L0066,S1013,2025-02-11T00:43:13,17,tablet
L0067,S1023,2025-03-14T23:56:06,57,tablet
L0068,S1047,2025-02-07T03:09:11,91,desktop
L0069,S1004,2025-03-12T23:06:03,98,mobile
L0070,S1007,2025-02-26T00:20:11,29,laptop
L0071,S1035,2025-03-17T10:16:14,22,tablet
L0072,S1012,2025-02-28T21:58:57,64,laptop
L0073,S1005,2025-03-16T21:29:41,108,desktop
L0074,S1004,2025-04-06T04:31:58,74,desktop
L0075,S1006,2025-05-02T19:31:00,101,laptop
L0076,S1011,2025-03-13T07:56:19,67,tablet
L0077,S1014,2025-04-26T19:42:24,56,desktop
L0078,S1011,2025-03-10T15:59:47,5,tablet
L0079,S1017,2025-05-02T19:52:07,105,tablet
L0080,S1019,2025-03-14T22:36:14,94,tablet
L0081,S1010,2025-02-20T07:25:09,42,laptop
L0082,S1004,2025-03-30T02:30:47,99,desktop
L0083,S1048,2025-03-04T07:40:38,12,desktop
L0084,S1038,2025-03-20T03:55:22,69,laptop
L0085,S1004,2025-03-23T04:15:05,15,laptop
L0086,S1005,2025-03-31T15:27:27,13,laptop
L0087,S1026,2025-02-13T12:16:52,118,laptop
L0088,S1038,2025-03-31T14:15:19,10,desktop
L0089,S1027,2025-04-06T16:42:56,79,mobile
L0090,S1017,2025-02-21T16:53:01,90,mobile
L0091,S1016,2025-02-27T15:51:07,55,laptop
L0092,S1043,2025-04-05T13:03:04,43,tablet
L0093,S1021,2025-04-15T20:53:47,14,desktop
L0094,S1030,2025-04-03T04:19:52,77,desktop
L0095,S1005,2025-03-26T01:42:15,32,mobile
L0096,S1009,2025-03-07T18:10:29,117,desktop
L0097,S1016,2025-03-09T17:59:08,41,laptop
L0098,S1029,2025-04-23T19:41:30,74,mobile
L0099,S1040,2025-04-21T05:36:16,88,desktop
L0100,S1043,2025-04-22T04:54:57,75,mobile
L0101,S1043,2025-02-11T22:17:57,117,laptop
L0102,S1017,2025-02-13T01:53:36,118,desktop
L0103,S1048,2025-03-27T14:01:47,24,mobile
L0104,S1019,2025-04-01T14:16:51,31,mobile
L0105,S1014,2025-04-09T14:54:34,86,mobile
L0106,S1033,2025-03-21T07:17:13,37,desktop
L0107,S1006,2025-04-04T10:54:54,59,mobile
L0108,S1003,2025-02-02T05:11:14,47,laptop
L0109,S1041,2025-02-27T07:19:31,25,tablet
L0110,S1036,2025-04-11T09:14:58,59,desktop
L0111,S1008,2025-02-09T04:15:22,118,laptop
L0112,S1035,2025-02-05T08:52:36,111,mobile
L0113,S1038,2025-03-27T12:24:07,23,tablet
L0114,S1009,2025-02-05T22:23:36,44,mobile
L0115,S1003,2025-04-30T03:34:17,50,laptop
L0116,S1044,2025-02-26T02:22:18,90,desktop
L0117,S1023,2025-04-18T14:43:40,76,tablet
L0118,S1040,2025-04-15T15:20:04,24,laptop
L0119,S1011,2025-04-20T12:47:49,108,laptop
L0120,S1027,2025-02-04T06:40:54,27,mobile
L0121,S1027,2025-04-20T18:16:07,90,laptop
L0122,S1018,2025-02-17T07:52:59,105,desktop
L0123,S1025,2025-04-27T13:13:16,9,tablet
L0124,S1015,2025-02-21T05:57:49,109,tablet
L0125,S1023,2025-03-03T12:04:17,110,laptop
L0126,S1015,2025-02-04T04:04:02,89,laptop
L0127,S1026,2025-03-05T17:49:51,40,desktop
L0128,S1050,2025-02-28T23:20:01,49,tablet
L0129,S1044,2025-04-24T18:47:53,73,mobile
L0130,S1002,2025-02-13T01:41:27,117,mobile
L0131,S1012,2025-03-30T05:47:50,38,desktop
L0132,S1007,2025-03-31T19:02:13,60,mobile
L0133,S1047,2025-04-19T05:26:08,45,tablet
L0134,S1039,2025-03-23T12:37:38,19,tablet
L0135,S1037,2025-02-20T07:50:27,37,desktop
L0136,S1046,2025-03-16T05:00:46,5,laptop
L0137,S1024,2025-03-15T17:55:15,13,mobile
L0138,S1040,2025-03-04T08:24:06,89,desktop
L0139,S1047,2025-04-30T06:11:11,43,mobile
L0140,S1043,2025-03-13T12:32:59,46,tablet
L0141,S1045,2025-03-02T13:51:06,75,laptop
L0142,S1013,2025-03-14T16:38:10,90,tablet
L0143,S1044,2025-04-15T12:12:18,120,laptop
L0144,S1040,2025-03-29T03:02:11,43,tablet
L0145,S1036,2025-04-23T19:38:44,5,mobile
L0146,S1019,2025-02-22T06:41:11,60,mobile
L0147,S1030,2025-03-16T18:21:40,61,laptop
L0148,S1033,2025-03-19T19:31:44,106,laptop
L0149,S1043,2025-02-10T02:30:47,41,mobile
L0150,S1006,2025-04-22T07:59:24,101,laptop
L0151,S1044,2025-03-04T00:15:18,33,laptop
L0152,S1010,2025-02-04T05:50:26,10,laptop
L0153,S1031,2025-04-02T05:17:48,113,desktop
L0154,S1030,2025-03-14T02:38:34,118,laptop
L0155,S1046,2025-04-10T11:32:53,54,tablet
L0156,S1026,2025-02-25T13:27:00,23,desktop
L0157,S1049,2025-04-26T09:53:49,103,desktop
L0158,S1050,2025-03-15T03:35:15,33,laptop
L0159,S1045,2025-03-24T03:51:15,64,desktop
L0160,S1036,2025-02-26T01:35:57,113,desktop
L0161,S1030,2025-02-14T19:37:40,107,tablet
L0162,S1043,2025-03-25T10:33:08,76,mobile
L0163,S1049,2025-04-29T10:05:53,61,tablet
L0164,S1036,2025-03-17T03:58:45,119,laptop
L0165,S1048,2025-04-26T12:21:14,65,tablet
L0166,S1017,2025-04-15T20:41:31,36,mobile
L0167,S1050,2025-04-18T09:02:20,71,tablet
L0168,S1041,2025-02-25T02:24:30,40,tablet
L0169,S1005,2025-04-12T03:36:19,41,laptop
L0170,S1018,2025-03-06T11:30:24,45,desktop
L0171,S1009,2025-02-16T12:23:10,34,tablet
L0172,S1045,2025-02-16T16:59:14,95,laptop
L0173,S1005,2025-03-14T03:38:15,57,mobile
L0174,S1035,2025-03-19T02:36:27,58,desktop
L0175,S1014,2025-04-23T17:42:08,58,tablet
L0176,S1050,2025-03-30T13:55:44,94,desktop
L0177,S1049,2025-03-29T18:22:51,53,tablet
L0178,S1001,2025-03-08T00:34:57,43,tablet
L0179,S1027,2025-03-26T03:04:12,100,laptop
L0180,S1032,2025-02-23T04:12:53,39,tablet
L0181,S1032,2025-02-04T16:33:28,54,mobile
L0182,S1043,2025-04-08T19:26:26,107,tablet
L0183,S1047,2025-02-17T21:30:26,112,tablet
L0184,S1009,2025-04-03T06:53:20,73,desktop
L0185,S1026,2025-03-31T08:08:07,77,desktop
L0186,S1006,2025-04-05T06:38:25,59,laptop
L0187,S1030,2025-02-19T12:23:04,11,mobile
L0188,S1025,2025-03-05T15:42:44,32,tablet
L0189,S1021,2025-03-06T15:21:30,102,tablet
L0190,S1018,2025-04-15T21:14:06,111,tablet
L0191,S1017,2025-04-23T22:24:31,15,tablet
L0192,S1002,2025-04-15T14:16:41,74,desktop
L0193,S1023,2025-02-23T15:24:02,88,desktop
L0194,S1050,2025-04-06T03:37:25,10,desktop
L0195,S1016,2025-02-21T05:28:09,112,desktop
L0196,S1040,2025-02-16T16:00:06,35,laptop
L0197,S1031,2025-04-07T20:52:38,19,laptop
L0198,S1030,2025-04-10T18:47:48,37,mobile
L0199,S1011,2025-04-01T16:45:27,82,desktop
L0200,S1050,2025-04-22T10:02:07,25,mobile
L0201,S1007,2025-03-30T01:21:30,8,mobile
L0202,S1037,2025-04-08T15:15:31,53,tablet
L0203,S1046,2025-02-21T03:04:01,14,laptop
L0204,S1007,2025-04-10T13:30:09,103,mobile
L0205,S1044,2025-04-01T03:59:08,108,desktop
L0206,S1037,2025-04-18T20:35:52,10,mobile
L0207,S1035,2025-03-15T11:07:06,89,mobile
L0208,S1005,2025-03-22T23:53:57,87,mobile
L0209,S1001,2025-04-25T08:34:47,58,tablet
L0210,S1007,2025-03-15T23:06:28,51,tablet
L0211,S1046,2025-02-16T17:25:13,60,laptop
L0212,S1047,2025-03-24T12:40:59,88,mobile
L0213,S1040,2025-04-21T08:09:57,73,tablet
L0214,S1030,2025-03-16T03:53:14,110,mobile
L0215,S1021,2025-04-25T13:33:38,36,desktop
L0216,S1018,2025-04-28T11:16:29,62,laptop
L0217,S1049,2025-03-18T23:46:28,77,tablet
L0218,S1022,2025-02-04T15:48:04,68,mobile
L0219,S1012,2025-03-21T04:59:56,32,mobile
L0220,S1017,2025-03-06T21:58:20,40,mobile
L0221,S1036,2025-02-02T20:34:44,71,laptop
L0222,S1006,2025-02-25T07:19:32,97,tablet
L0223,S1032,2025-03-27T18:34:46,102,laptop
L0224,S1045,2025-03-20T02:18:09,87,tablet
L0225,S1029,2025-04-19T20:35:34,7,desktop
L0226,S1019,2025-02-23T09:16:56,56,laptop
L0227,S1020,2025-04-07T08:03:51,79,mobile
L0228,S1031,2025-03-27T14:36:38,72,mobile
L0229,S1028,2025-04-15T07:04:50,75,mobile
L0230,S1023,2025-04-11T02:41:45,63,mobile
L0231,S1020,2025-02-26T06:44:17,34,desktop
L0232,S1047,2025-02-20T13:40:45,45,desktop
L0233,S1048,2025-03-25T21:34:43,102,laptop
L0234,S1013,2025-02-22T21:08:16,99,tablet
L0235,S1018,2025-04-13T05:19:50,80,mobile
L0236,S1007,2025-04-23T17:05:23,29,mobile
L0237,S1015,2025-03-08T21:50:20,27,mobile
L0238,S1001,2025-04-11T14:43:40,73,laptop
L0239,S1018,2025-02-06T06:59:04,11,mobile
L0240,S1045,2025-02-14T03:10:40,86,tablet
L0241,S1007,2025-04-27T14:30:34,6,mobile
L0242,S1031,2025-03-20T08:24:36,61,mobile
L0243,S1012,2025-02-06T20:38:30,37,tablet
L0244,S1008,2025-04-22T16:35:36,13,tablet
L0245,S1032,2025-02-09T01:32:57,78,desktop
L0246,S1010,2025-02-16T08:34:51,108,mobile
L0247,S1006,2025-02-25T23:15:07,20,tablet
L0248,S1039,2025-03-31T18:00:05,106,laptop
L0249,S1050,2025-03-24T14:36:27,53,tablet
L0250,S1029,2025-03-02T17:48:29,115,tablet
L0251,S1020,2025-03-29T01:55:40,84,desktop
L0252,S1040,2025-04-14T17:27:30,17,laptop
L0253,S1041,2025-02-22T08:38:58,38,desktop
L0254,S1011,2025-02-25T03:51:05,27,desktop
L0255,S1011,2025-02-02T03:09:36,57,tablet
L0256,S1045,2025-03-31T12:36:20,65,mobile
L0257,S1003,2025-02-24T08:18:14,41,mobile
L0258,S1045,2025-04-26T07:57:14,63,desktop
L0259,S1044,2025-02-24T12:50:31,38,laptop
L0260,S1028,2025-02-13T00:22:24,74,laptop
L0261,S1042,2025-02-16T08:05:44,39,laptop
L0262,S1005,2025-02-07T15:53:31,26,mobile
L0263,S1039,2025-04-15T14:07:23,110,mobile
L0264,S1029,2025-02-13T22:41:25,64,mobile
L0265,S1045,2025-03-12T22:50:17,39,tablet
L0266,S1029,2025-02-09T16:22:06,81,desktop
L0267,S1028,2025-04-14T04:30:48,46,mobile
L0268,S1002,2025-02-10T17:43:56,34,desktop
L0269,S1049,2025-04-08T03:27:17,110,mobile
L0270,S1037,2025-02-05T18:40:18,102,laptop
L0271,S1031,2025-03-24T06:11:55,88,tablet
L0272,S1018,2025-02-19T11:49:32,79,tablet
L0273,S1041,2025-04-21T22:15:12,67,desktop
L0274,S1031,2025-03-07T15:43:59,57,mobile
L0275,S1021,2025-04-07T22:26:58,18,laptop
L0276,S1022,2025-03-13T20:07:40,93,tablet
L0277,S1019,2025-04-07T04:51:24,56,desktop
L0278,S1030,2025-02-10T10:07:10,45,mobile
L0279,S1021,2025-02-13T03:02:31,103,tablet
L0280,S1033,2025-04-22T23:08:41,5,tablet
L0281,S1027,2025-02-07T03:13:47,29,mobile
L0282,S1040,2025-04-16T07:33:56,68,tablet
L0283,S1049,2025-02-06T21:11:21,31,mobile
L0284,S1036,2025-02-14T14:12:29,41,tablet
L0285,S1045,2025-03-20T22:23:08,20,desktop
L0286,S1041,2025-04-01T23:41:56,107,laptop
L0287,S1046,2025-02-17T05:58:23,44,desktop
L0288,S1036,2025-03-13T11:36:44,16,laptop
L0289,S1008,2025-03-18T16:10:36,20,laptop
L0290,S1032,2025-04-12T10:43:55,42,mobile
L0291,S1027,2025-04-23T21:58:22,66,tablet
L0292,S1016,2025-03-18T05:18:53,75,laptop
L0293,S1025,2025-02-20T09:04:46,81,laptop
L0294,S1005,2025-02-28T16:37:42,103,tablet
L0295,S1022,2025-04-19T08:26:23,69,mobile
L0296,S1001,2025-03-01T07:59:16,97,mobile
L0297,S1038,2025-03-30T04:14:40,89,tablet
L0298,S1010,2025-03-17T05:27:22,73,tablet
L0299,S1023,2025-03-06T03:33:59,75,tablet
L0300,S1030,2025-03-05T02:43:15,116,laptop
L0301,S1045,2025-02-25T01:22:57,78,tablet
L0302,S1015,2025-04-25T23:34:48,104,tablet
L0303,S1003,2025-03-04T18:19:47,100,tablet
L0304,S1046,2025-05-01T13:22:18,108,tablet
L0305,S1025,2025-04-07T07:25:56,106,laptop
L0306,S1032,2025-02-05T11:11:14,21,mobile
L0307,S1007,2025-04-27T17:56:11,113,tablet
L0308,S1007,2025-03-24T22:28:48,63,desktop
L0309,S1047,2025-02-15T20:49:54,57,laptop
L0310,S1005,2025-03-19T10:55:03,105,mobile
L0311,S1022,2025-04-03T09:13:29,93,tablet
L0312,S1042,2025-02-09T16:04:24,114,mobile
L0313,S1044,2025-04-26T07:20:15,73,tablet
L0314,S1021,2025-04-03T17:28:23,96,tablet
L0315,S1035,2025-02-05T08:34:34,84,desktop
L0316,S1016,2025-04-04T03:38:13,92,mobile
L0317,S1015,2025-04-15T09:01:01,16,tablet
L0318,S1007,2025-04-16T16:42:54,86,desktop
L0319,S1029,2025-02-18T00:34:59,93,mobile
L0320,S1002,2025-02-06T08:05:31,46,desktop
L0321,S1019,2025-03-08T16:12:19,52,tablet
L0322,S1010,2025-02-25T13:56:47,72,tablet
L0323,S1037,2025-04-09T01:38:07,106,laptop
L0324,S1011,2025-02-18T20:51:59,15,tablet
L0325,S1040,2025-04-09T04:44:39,35,tablet
L0326,S1038,2025-02-15T18:24:49,34,tablet
L0327,S1041,2025-02-26T12:44:07,63,mobile
L0328,S1043,2025-02-02T18:49:22,120,tablet
L0329,S1019,2025-04-08T15:52:23,74,laptop
L0330,S1005,2025-03-16T18:13:48,49,mobile
L0331,S1041,2025-03-15T01:38:12,93,mobile
L0332,S1030,2025-04-24T22:37:34,43,laptop
L0333,S1025,2025-04-25T17:20:27,66,desktop
L0334,S1016,2025-03-10T21:34:06,78,mobile
L0335,S1037,2025-03-02T14:21:28,94,mobile
L0336,S1002,2025-04-23T11:03:10,89,tablet
L0337,S1018,2025-02-02T15:47:41,77,desktop
L0338,S1039,2025-04-15T05:18:08,68,mobile
L0339,S1050,2025-04-20T10:24:15,34,mobile
L0340,S1015,2025-04-04T16:21:08,29,mobile
L0341,S1044,2025-04-16T05:32:52,97,laptop
L0342,S1041,2025-02-11T07:20:01,120,desktop
L0343,S1020,2025-04-19T10:31:15,61,desktop
L0344,S1038,2025-03-09T07:06:48,98,laptop
L0345,S1006,2025-05-01T04:30:42,42,mobile
L0346,S1048,2025-03-14T05:07:03,27,laptop
L0347,S1009,2025-04-19T05:37:58,74,mobile
L0348,S1034,2025-03-22T14:11:30,39,laptop
L0349,S1017,2025-05-01T14:48:49,110,tablet
L0350,S1019,2025-04-15T08:32:04,116,mobile
L0351,S1008,2025-03-19T08:12:59,14,laptop
L0352,S1049,2025-02-23T18:38:44,115,tablet
L0353,S1036,2025-03-09T09:14:34,16,tablet
L0354,S1001,2025-02-27T13:09:30,73,desktop
L0355,S1030,2025-03-09T15:47:31,91,mobile
L0356,S1038,2025-03-10T20:46:44,110,mobile
L0357,S1007,2025-04-08T09:24:30,34,tablet
L0358,S1002,2025-04-03T00:34:26,118,mobile
L0359,S1040,2025-02-23T08:44:53,87,desktop
L0360,S1041,2025-04-22T20:38:50,64,mobile
L0361,S1042,2025-03-13T12:19:24,19,laptop
L0362,S1003,2025-02-05T11:38:08,43,tablet
L0363,S1008,2025-02-11T07:23:56,35,laptop
L0364,S1025,2025-03-17T21:59:30,52,tablet
L0365,S1038,2025-04-14T22:32:14,98,laptop
L0366,S1027,2025-04-06T11:00:14,17,tablet
L0367,S1040,2025-03-13T11:54:15,40,desktop
L0368,S1045,2025-03-09T20:19:21,32,tablet
L0369,S1029,2025-02-24T19:06:27,114,mobile
L0370,S1007,2025-04-09T10:40:33,52,mobile
L0371,S1004,2025-03-12T12:39:28,40,laptop
L0372,S1008,2025-04-25T04:59:08,110,tablet
L0373,S1006,2025-04-07T05:17:18,32,desktop
L0374,S1004,2025-04-19T06:17:22,47,laptop
L0375,S1009,2025-04-19T06:43:01,77,laptop
L0376,S1005,2025-04-23T10:32:27,102,laptop
L0377,S1038,2025-02-22T20:07:42,109,laptop
L0378,S1022,2025-04-18T01:20:05,23,desktop
L0379,S1018,2025-04-26T05:09:23,23,laptop
L0380,S1035,2025-02-26T04:59:30,107,laptop
L0381,S1008,2025-04-07T01:18:04,115,desktop
L0382,S1009,2025-02-03T07:33:08,50,laptop
L0383,S1038,2025-03-05T07:22:02,7,laptop
L0384,S1017,2025-02-06T23:01:25,21,tablet
L0385,S1034,2025-02-12T21:44:50,100,desktop
L0386,S1031,2025-03-17T09:28:56,104,mobile
L0387,S1033,2025-03-31T12:16:02,18,tablet
L0388,S1033,2025-02-23T09:10:25,83,desktop
L0389,S1047,2025-04-18T21:58:35,115,mobile
L0390,S1030,2025-04-05T08:01:03,8,desktop
L0391,S1031,2025-04-25T03:16:26,56,tablet
L0392,S1044,2025-02-12T08:29:40,67,tablet
L0393,S1005,2025-04-30T04:22:07,15,mobile
L0394,S1039,2025-02-16T06:34:05,13,laptop
L0395,S1018,2025-04-03T11:41:25,86,mobile
L0396,S1025,2025-03-31T20:56:57,72,mobile
L0397,S1030,2025-03-22T22:56:40,82,tablet
L0398,S1007,2025-04-19T20:58:23,94,desktop
L0399,S1042,2025-04-06T01:40:15,117,laptop
L0400,S1028,2025-03-17T17:07:28,118,laptop
L0401,S1027,2025-03-06T18:41:35,110,tablet
L0402,S1026,2025-03-14T06:15:05,98,desktop
L0403,S1021,2025-03-15T07:21:26,45,mobile
L0404,S1024,2025-02-16T16:35:59,92,tablet
L0405,S1005,2025-02-10T17:29:39,111,desktop
L0406,S1006,2025-03-15T19:16:13,17,mobile
L0407,S1009,2025-03-27T21:21:47,12,mobile
L0408,S1043,2025-02-13T17:44:41,57,mobile
L0409,S1043,2025-04-15T17:12:51,59,desktop
L0410,S1019,2025-04-01T03:58:55,44,mobile
L0411,S1007,2025-03-29T23:34:22,69,laptop
L0412,S1010,2025-04-06T15:13:54,66,laptop
L0413,S1007,2025-03-07T20:45:00,113,mobile
L0414,S1008,2025-04-16T21:55:30,40,laptop
L0415,S1028,2025-04-24T22:16:46,76,desktop
L0416,S1039,2025-04-06T17:46:59,111,mobile
L0417,S1002,2025-02-19T09:19:30,39,mobile
L0418,S1022,2025-03-07T22:52:08,5,laptop
L0419,S1010,2025-03-28T20:32:56,89,tablet
L0420,S1005,2025-02-15T15:31:01,99,desktop
L0421,S1006,2025-04-15T07:29:30,72,laptop
L0422,S1025,2025-03-14T15:12:21,63,mobile
L0423,S1011,2025-03-09T19:12:41,44,mobile
L0424,S1050,2025-03-28T23:30:50,81,desktop
L0425,S1004,2025-02-16T23:27:09,25,desktop
L0426,S1044,2025-02-09T19:01:26,39,tablet
L0427,S1043,2025-03-15T00:57:04,67,tablet
L0428,S1027,2025-02-28T09:27:00,32,desktop
L0429,S1023,2025-03-15T14:41:47,19,mobile
L0430,S1044,2025-04-08T17:54:46,80,tablet
L0431,S1034,2025-04-07T15:27:24,44,desktop
L0432,S1015,2025-03-12T05:57:20,81,desktop
L0433,S1001,2025-02-21T17:15:56,43,laptop
L0434,S1050,2025-02-15T04:42:19,102,mobile
L0435,S1019,2025-03-05T17:30:20,20,desktop
L0436,S1032,2025-04-15T09:35:39,60,laptop
L0437,S1009,2025-03-10T18:52:22,73,laptop
L0438,S1033,2025-03-28T02:50:43,111,mobile
L0439,S1005,2025-03-12T10:10:05,115,desktop
L0440,S1028,2025-02-03T16:35:46,63,desktop
L0441,S1021,2025-03-29T18:32:28,59,tablet
L0442,S1046,2025-04-05T00:33:48,58,mobile
L0443,S1008,2025-03-13T04:43:08,7,mobile
L0444,S1011,2025-04-20T16:08:28,84,tablet
L0445,S1045,2025-05-02T04:08:38,51,desktop
L0446,S1028,2025-04-24T20:42:59,18,laptop
L0447,S1028,2025-03-31T01:05:41,56,desktop
L0448,S1026,2025-04-27T09:23:39,44,mobile
L0449,S1015,2025-03-06T05:01:53,104,laptop
L0450,S1005,2025-03-23T10:26:15,86,desktop
L0451,S1034,2025-03-23T09:11:58,29,mobile
L0452,S1023,2025-04-13T11:50:29,109,laptop
L0453,S1016,2025-02-11T20:28:37,23,mobile
L0454,S1013,2025-02-18T17:12:26,82,laptop
L0455,S1049,2025-04-16T13:52:42,88,desktop
L0456,S1012,2025-04-17T21:47:30,85,tablet
L0457,S1030,2025-04-16T02:54:41,77,tablet
L0458,S1044,2025-05-02T14:21:38,117,mobile
L0459,S1041,2025-03-04T13:34:56,24,tablet
L0460,S1005,2025-03-19T09:35:26,61,mobile
L0461,S1018,2025-03-31T07:01:59,12,mobile
L0462,S1033,2025-02-09T01:48:07,44,tablet
L0463,S1029,2025-02-05T12:33:23,12,mobile
L0464,S1019,2025-02-09T07:43:17,87,desktop
L0465,S1040,2025-03-31T13:13:53,69,tablet
L0466,S1030,2025-03-30T05:11:26,75,desktop
L0467,S1029,2025-05-01T03:09:54,108,laptop
L0468,S1021,2025-04-01T14:41:27,65,laptop
L0469,S1004,2025-03-17T14:43:12,18,mobile
L0470,S1046,2025-02-10T01:25:35,69,laptop
L0471,S1003,2025-02-25T22:12:35,95,tablet
L0472,S1029,2025-03-24T18:05:36,71,laptop
L0473,S1024,2025-03-10T01:44:00,41,tablet
L0474,S1027,2025-04-18T01:33:32,48,desktop
L0475,S1041,2025-04-05T17:15:21,47,desktop
L0476,S1022,2025-02-11T01:08:24,76,tablet
L0477,S1019,2025-02-26T08:07:04,97,laptop
L0478,S1022,2025-02-09T18:50:19,79,laptop
L0479,S1023,2025-03-03T23:49:03,88,tablet
L0480,S1009,2025-03-31T15:28:18,95,desktop
L0481,S1020,2025-03-28T03:18:29,53,mobile
L0482,S1009,2025-04-07T22:24:34,94,desktop
L0483,S1042,2025-04-07T23:12:03,59,mobile
L0484,S1002,2025-03-09T01:50:20,44,laptop
L0485,S1014,2025-03-07T01:13:09,103,tablet
L0486,S1013,2025-02-23T20:48:31,22,laptop
L0487,S1005,2025-03-02T14:10:14,113,desktop
L0488,S1033,2025-04-17T17:11:36,74,desktop
L0489,S1043,2025-03-06T13:38:35,117,laptop
L0490,S1039,2025-03-10T10:44:46,24,laptop
L0491,S1012,2025-04-23T14:05:58,93,laptop
L0492,S1047,2025-03-16T08:46:41,10,tablet
L0493,S1024,2025-04-08T12:57:54,97,laptop
L0494,S1029,2025-04-02T03:42:56,41,tablet
L0495,S1015,2025-03-25T17:15:41,35,mobile
L0496,S1031,2025-04-30T15:20:17,111,laptop
L0497,S1024,2025-04-08T17:29:41,78,tablet
L0498,S1030,2025-04-17T13:50:49,41,tablet
L0499,S1033,2025-03-25T01:59:44,58,laptop
L0500,S1013,2025-04-20T15:59:40,82,laptop
L0501,S1017,2025-02-06T22:30:46,87,tablet
L0502,S1024,2025-03-27T17:05:55,18,desktop
L0503,S1019,2025-02-10T00:22:06,102,laptop
L0504,S1018,2025-03-17T11:54:53,120,laptop
L0505,S1028,2025-02-10T18:38:00,33,tablet
L0506,S1023,2025-02-04T11:04:16,58,desktop
L0507,S1026,2025-03-22T14:41:11,52,laptop
L0508,S1025,2025-02-09T19:04:47,52,laptop
L0509,S1002,2025-03-04T19:30:53,17,mobile
L0510,S1010,2025-02-15T05:33:20,9,mobile
L0511,S1031,2025-04-10T10:53:26,111,laptop
L0512,S1049,2025-04-11T08:56:37,65,tablet
L0513,S1040,2025-02-02T09:09:41,120,desktop
L0514,S1002,2025-02-26T17:16:16,32,laptop
L0515,S1036,2025-04-13T11:30:18,82,tablet
L0516,S1008,2025-04-18T05:32:18,41,laptop
L0517,S1020,2025-02-13T16:51:09,11,laptop
L0518,S1027,2025-04-04T21:47:26,106,tablet
L0519,S1005,2025-02-12T15:14:34,112,tablet
L0520,S1039,2025-03-25T22:01:16,7,laptop
L0521,S1046,2025-02-15T19:29:00,42,tablet
L0522,S1001,2025-04-02T13:32:07,50,laptop
L0523,S1037,2025-03-14T07:35:53,28,desktop
L0524,S1034,2025-03-08T21:11:34,13,desktop
L0525,S1025,2025-04-27T15:56:06,65,desktop
L0526,S1041,2025-03-11T10:25:26,52,mobile
L0527,S1048,2025-02-03T10:46:20,50,desktop
L0528,S1023,2025-02-25T06:47:21,98,desktop
L0529,S1050,2025-03-30T08:51:29,99,mobile
L0530,S1009,2025-02-06T04:14:05,50,mobile
L0531,S1042,2025-02-18T20:54:45,111,tablet
L0532,S1045,2025-03-20T07:59:01,85,laptop
L0533,S1009,2025-02-07T23:57:36,96,tablet
L0534,S1003,2025-03-02T08:41:45,30,desktop
L0535,S1013,2025-04-28T20:57:59,10,mobile
L0536,S1020,2025-03-23T21:51:21,55,tablet
L0537,S1017,2025-02-05T10:15:28,101,laptop
L0538,S1019,2025-03-08T12:44:07,115,desktop
L0539,S1042,2025-03-06T02:21:57,39,desktop
L0540,S1024,2025-03-16T07:05:44,118,tablet
L0541,S1048,2025-03-16T13:35:09,119,tablet
L0542,S1022,2025-02-20T00:14:27,68,tablet
L0543,S1024,2025-05-02T14:43:29,107,mobile
L0544,S1006,2025-04-13T11:08:51,59,desktop
L0545,S1028,2025-04-01T08:44:35,110,laptop
L0546,S1035,2025-03-02T09:27:02,46,desktop
L0547,S1006,2025-03-05T17:02:02,89,mobile
L0548,S1020,2025-03-17T03:59:03,82,tablet
L0549,S1011,2025-04-09T20:11:37,61,mobile
L0550,S1029,2025-02-05T23:37:11,98,mobile
L0551,S1040,2025-03-16T02:24:36,40,desktop
L0552,S1005,2025-04-08T00:53:49,86,tablet
L0553,S1024,2025-03-23T16:30:08,107,laptop
L0554,S1002,2025-02-15T17:37:31,113,tablet
L0555,S1003,2025-02-14T03:03:45,13,laptop
L0556,S1050,2025-04-05T12:15:49,51,mobile
L0557,S1025,2025-03-28T22:42:03,9,laptop
L0558,S1044,2025-03-17T13:19:15,52,mobile
L0559,S1029,2025-04-16T23:02:27,14,laptop
L0560,S1034,2025-03-09T11:58:50,55,mobile
L0561,S1042,2025-02-28T22:19:10,36,desktop
L0562,S1002,2025-04-14T07:10:19,28,tablet
L0563,S1034,2025-03-11T10:40:16,76,desktop
L0564,S1017,2025-04-18T02:43:24,38,tablet
L0565,S1014,2025-04-02T06:42:08,41,tablet
L0566,S1013,2025-02-13T18:41:28,22,desktop
L0567,S1029,2025-02-18T15:14:37,120,tablet
L0568,S1006,2025-04-21T13:33:28,92,mobile
L0569,S1043,2025-03-07T14:29:05,95,desktop
L0570,S1036,2025-03-26T12:16:34,42,mobile
L0571,S1011,2025-04-11T23:33:38,95,laptop
L0572,S1024,2025-03-23T06:24:43,33,desktop
L0573,S1013,2025-04-19T18:34:19,22,laptop
L0574,S1032,2025-02-04T10:10:17,51,mobile
L0575,S1030,2025-04-20T21:35:34,75,laptop
L0576,S1040,2025-04-28T17:22:07,16,desktop
L0577,S1020,2025-03-12T12:42:18,96,tablet
L0578,S1034,2025-03-13T18:08:50,103,tablet
L0579,S1037,2025-02-09T00:46:36,21,mobile
L0580,S1042,2025-02-09T01:44:32,62,tablet
L0581,S1044,2025-03-24T02:27:41,49,laptop
L0582,S1050,2025-03-27T09:33:19,86,laptop
L0583,S1050,2025-02-14T09:35:37,60,desktop
L0584,S1008,2025-03-24T04:11:26,24,mobile
L0585,S1011,2025-02-17T14:20:08,46,laptop
L0586,S1023,2025-03-24T06:02:41,119,mobile
L0587,S1006,2025-02-26T04:52:40,30,mobile
L0588,S1009,2025-04-03T13:19:58,43,desktop
L0589,S1033,2025-04-05T02:32:03,26,laptop
L0590,S1011,2025-04-06T19:53:02,84,mobile
L0591,S1037,2025-02-05T20:54:53,110,desktop
L0592,S1006,2025-02-06T06:51:32,87,mobile
L0593,S1042,2025-02-22T08:08:39,103,tablet
L0594,S1040,2025-04-04T21:52:57,8,tablet
L0595,S1041,2025-03-26T20:12:46,42,mobile
L0596,S1031,2025-02-25T15:31:55,108,tablet
L0597,S1020,2025-03-17T21:45:34,14,desktop
L0598,S1011,2025-03-16T13:16:49,58,tablet
L0599,S1030,2025-02-21T16:20:00,48,laptop
L0600,S1021,2025-04-26T12:19:51,96,mobile
L0601,S1047,2025-04-26T10:40:54,49,tablet
L0602,S1009,2025-04-16T17:24:11,52,desktop
L0603,S1021,2025-02-25T08:12:55,64,desktop
L0604,S1018,2025-03-17T12:33:35,36,laptop
L0605,S1007,2025-02-06T18:50:38,42,tablet
L0606,S1040,2025-03-14T11:14:59,36,laptop
L0607,S1021,2025-03-29T23:02:01,97,mobile
L0608,S1013,2025-04-16T23:07:37,25,tablet
L0609,S1033,2025-03-19T04:41:00,68,mobile
L0610,S1032,2025-02-04T02:55:47,16,tablet
L0611,S1033,2025-03-18T06:20:59,35,laptop
L0612,S1038,2025-03-08T03:13:49,11,desktop
L0613,S1019,2025-03-21T22:06:44,81,tablet
L0614,S1019,2025-03-25T23:30:19,6,desktop
L0615,S1028,2025-02-14T21:00:58,117,mobile
L0616,S1047,2025-03-09T09:14:56,102,tablet
L0617,S1024,2025-02-06T06:20:51,56,desktop
L0618,S1037,2025-03-28T10:03:12,29,mobile
L0619,S1036,2025-03-01T21:24:57,14,tablet
L0620,S1033,2025-03-17T14:19:37,102,mobile
L0621,S1040,2025-04-08T22:22:08,83,desktop
L0622,S1009,2025-02-11T06:12:34,55,mobile
L0623,S1022,2025-03-28T00:46:03,51,laptop
L0624,S1013,2025-04-01T08:45:56,70,tablet
L0625,S1033,2025-02-05T18:43:33,10,desktop
L0626,S1009,2025-04-12T03:42:53,47,tablet
L0627,S1034,2025-03-18T05:47:08,24,laptop
L0628,S1021,2025-04-02T09:28:39,45,laptop
L0629,S1026,2025-04-02T17:28:31,99,mobile
L0630,S1038,2025-03-06T12:43:56,69,tablet
L0631,S1046,2025-03-28T12:38:01,43,tablet
L0632,S1002,2025-03-09T15:15:40,47,desktop
L0633,S1027,2025-03-30T13:02:59,44,desktop
L0634,S1039,2025-03-19T22:48:02,38,laptop
L0635,S1047,2025-02-06T20:35:29,79,tablet
L0636,S1011,2025-03-24T18:28:30,85,tablet
L0637,S1010,2025-04-22T15:32:05,92,laptop
L0638,S1003,2025-03-29T11:06:38,94,desktop
L0639,S1013,2025-02-03T17:03:09,61,mobile
L0640,S1027,2025-02-16T13:47:08,57,laptop
L0641,S1027,2025-03-22T14:14:58,104,tablet
L0642,S1048,2025-04-13T11:53:42,12,laptop
L0643,S1034,2025-02-22T00:03:59,76,mobile
L0644,S1043,2025-03-20T07:36:37,72,tablet
L0645,S1021,2025-02-18T16:28:10,63,mobile
L0646,S1035,2025-03-08T06:28:25,91,mobile
L0647,S1040,2025-03-20T21:08:48,29,laptop
L0648,S1018,2025-03-28T01:21:41,43,laptop
L0649,S1020,2025-04-17T17:53:29,41,laptop
L0650,S1045,2025-04-11T07:40:01,67,mobile
L0651,S1031,2025-03-07T17:41:44,76,mobile
L0652,S1019,2025-02-13T16:54:45,78,tablet
L0653,S1026,2025-04-22T07:52:58,49,laptop
L0654,S1019,2025-02-05T22:56:50,41,desktop
L0655,S1023,2025-05-02T14:01:25,61,mobile
L0656,S1048,2025-03-20T09:15:39,32,laptop
L0657,S1035,2025-02-28T04:42:37,76,mobile
L0658,S1009,2025-02-12T11:26:29,83,laptop
L0659,S1016,2025-02-06T19:13:02,90,laptop
L0660,S1041,2025-02-24T11:28:25,11,desktop
L0661,S1027,2025-03-05T22:33:54,96,tablet
L0662,S1007,2025-04-09T00:13:03,103,laptop
L0663,S1001,2025-03-27T07:20:22,25,tablet
L0664,S1042,2025-04-28T08:58:57,117,tablet
L0665,S1031,2025-04-06T00:47:25,30,mobile
L0666,S1021,2025-03-01T13:59:28,87,desktop
L0667,S1050,2025-02-10T13:23:01,88,laptop
L0668,S1035,2025-04-14T14:11:22,97,desktop
L0669,S1012,2025-03-14T10:40:04,117,laptop
L0670,S1003,2025-04-24T01:25:11,55,tablet
L0671,S1012,2025-04-15T14:13:45,116,mobile
L0672,S1003,2025-02-02T18:31:09,43,desktop
L0673,S1022,2025-03-01T12:00:07,63,tablet
L0674,S1009,2025-04-25T12:02:17,69,tablet
L0675,S1018,2025-02-20T14:12:30,108,desktop
L0676,S1022,2025-02-17T15:33:51,98,tablet
L0677,S1042,2025-02-26T20:23:45,96,laptop
L0678,S1001,2025-04-14T09:22:09,48,mobile
L0679,S1037,2025-04-08T08:23:37,101,laptop
L0680,S1012,2025-04-02T04:33:08,114,tablet
L0681,S1028,2025-03-23T21:36:58,46,desktop
L0682,S1026,2025-04-07T20:24:16,17,laptop
L0683,S1009,2025-03-20T05:28:26,46,laptop
L0684,S1001,2025-02-27T04:35:56,54,laptop
L0685,S1029,2025-04-16T01:18:20,39,mobile
L0686,S1020,2025-03-30T10:09:25,97,desktop
L0687,S1017,2025-04-06T08:07:04,51,laptop
L0688,S1004,2025-04-07T16:58:46,20,tablet
L0689,S1020,2025-02-17T09:05:32,56,mobile
L0690,S1045,2025-02-13T06:31:25,86,mobile
L0691,S1024,2025-04-02T13:06:22,33,laptop
L0692,S1009,2025-03-20T07:10:11,24,tablet
L0693,S1048,2025-04-01T16:23:57,52,tablet
L0694,S1045,2025-03-27T04:44:03,65,laptop
L0695,S1049,2025-02-25T21:33:41,92,desktop
L0696,S1034,2025-03-17T05:55:24,72,mobile
L0697,S1005,2025-05-01T22:15:37,77,desktop
L0698,S1004,2025-04-23T08:06:31,75,laptop
L0699,S1037,2025-03-25T23:26:02,24,laptop
L0700,S1021,2025-04-25T20:01:19,71,tablet
L0701,S1008,2025-04-08T22:07:41,31,tablet
L0702,S1006,2025-04-30T03:29:21,70,tablet
L0703,S1004,2025-03-17T21:29:56,21,tablet
L0704,S1030,2025-03-28T14:56:00,12,tablet
L0705,S1044,2025-04-21T05:10:27,44,desktop
L0706,S1026,2025-02-26T13:51:12,109,desktop
L0707,S1048,2025-02-23T00:40:19,79,desktop
L0708,S1003,2025-03-15T00:12:42,49,desktop
L0709,S1035,2025-02-07T17:19:51,119,desktop
L0710,S1031,2025-02-04T22:52:22,41,tablet
L0711,S1012,2025-04-17T12:45:36,22,tablet
L0712,S1024,2025-04-29T09:52:59,53,tablet
L0713,S1025,2025-03-10T08:14:34,15,laptop
L0714,S1042,2025-04-26T09:32:17,49,desktop
L0715,S1012,2025-03-26T00:49:41,55,laptop
L0716,S1047,2025-02-23T11:49:51,111,desktop
L0717,S1049,2025-02-04T01:54:08,43,tablet
L0718,S1044,2025-04-12T16:32:08,74,tablet
L0719,S1035,2025-03-10T16:42:12,110,laptop
L0720,S1016,2025-03-18T14:15:35,49,laptop
L0721,S1018,2025-02-20T04:06:59,117,desktop
L0722,S1003,2025-04-21T11:08:46,89,tablet
L0723,S1040,2025-04-17T05:57:33,118,desktop
L0724,S1016,2025-02-21T21:07:48,13,desktop
L0725,S1039,2025-02-05T03:09:49,62,desktop
L0726,S1016,2025-04-14T18:30:39,10,tablet
L0727,S1029,2025-02-24T14:58:31,74,laptop
L0728,S1049,2025-04-26T17:33:45,104,desktop
L0729,S1009,2025-03-22T19:05:15,42,laptop
L0730,S1047,2025-03-29T19:21:34,45,mobile
L0731,S1016,2025-03-03T04:05:14,117,laptop
L0732,S1043,2025-03-24T11:31:41,33,tablet
L0733,S1020,2025-02-28T14:04:49,12,laptop
L0734,S1041,2025-04-08T18:31:39,59,tablet
L0735,S1004,2025-03-07T07:28:11,87,tablet
L0736,S1034,2025-03-04T19:37:49,94,tablet
L0737,S1027,2025-02-16T08:37:39,43,tablet
L0738,S1012,2025-04-16T02:50:31,73,tablet
L0739,S1016,2025-04-25T08:01:59,33,mobile
L0740,S1046,2025-02-15T21:17:21,108,tablet
L0741,S1004,2025-03-28T11:22:46,57,tablet
L0742,S1036,2025-03-25T07:53:44,22,tablet
L0743,S1016,2025-02-26T15:06:29,31,mobile
L0744,S1042,2025-02-09T13:10:21,62,mobile
L0745,S1006,2025-03-25T21:02:47,97,laptop
L0746,S1004,2025-02-27T22:29:10,53,desktop
L0747,S1005,2025-02-20T03:22:39,107,laptop
L0748,S1031,2025-02-22T03:40:19,116,mobile
L0749,S1020,2025-05-01T03:02:06,6,laptop
L0750,S1013,2025-04-14T20:41:15,20,tablet
L0751,S1016,2025-04-10T09:51:07,82,laptop
L0752,S1026,2025-05-01T17:19:28,35,mobile
L0753,S1050,2025-03-01T08:30:03,53,tablet
L0754,S1035,2025-04-05T20:33:20,50,mobile
L0755,S1017,2025-03-08T18:57:28,70,tablet
L0756,S1030,2025-02-11T10:41:56,107,tablet
L0757,S1049,2025-04-24T09:38:26,45,laptop
L0758,S1024,2025-03-04T06:05:11,57,desktop
L0759,S1037,2025-04-26T18:23:20,33,laptop
L0760,S1002,2025-02-27T04:34:22,75,tablet
L0761,S1019,2025-02-16T16:04:10,30,mobile
L0762,S1015,2025-03-10T18:00:57,77,laptop
L0763,S1032,2025-03-27T08:00:55,88,mobile
L0764,S1017,2025-04-16T23:41:04,110,tablet
L0765,S1047,2025-04-05T04:10:54,99,tablet
L0766,S1030,2025-02-18T04:56:17,98,mobile
L0767,S1011,2025-02-15T11:03:08,97,tablet
L0768,S1012,2025-05-01T21:27:20,118,desktop
L0769,S1034,2025-02-05T03:44:25,112,desktop
L0770,S1043,2025-02-06T13:58:19,102,desktop
L0771,S1027,2025-02-15T05:18:13,112,laptop
L0772,S1005,2025-04-11T12:44:59,24,desktop
L0773,S1014,2025-03-22T23:22:06,63,mobile
L0774,S1004,2025-04-02T20:35:08,86,tablet
L0775,S1043,2025-03-21T05:42:30,7,desktop
L0776,S1035,2025-03-27T10:20:52,57,desktop
L0777,S1002,2025-03-25T06:33:28,97,mobile
L0778,S1035,2025-03-01T16:57:28,7,tablet
L0779,S1012,2025-02-12T06:17:29,17,laptop
L0780,S1016,2025-02-20T12:09:33,84,mobile
L0781,S1023,2025-02-27T19:50:13,106,tablet
L0782,S1006,2025-03-10T02:11:54,56,tablet
L0783,S1037,2025-02-25T11:38:26,94,laptop
L0784,S1020,2025-04-09T06:51:28,110,desktop
L0785,S1042,2025-04-26T04:43:15,88,desktop
L0786,S1006,2025-03-13T05:17:31,53,tablet
L0787,S1036,2025-03-20T02:05:51,12,desktop
L0788,S1045,2025-02-18T12:16:40,15,tablet
L0789,S1028,2025-04-05T11:40:05,105,mobile
L0790,S1037,2025-04-26T04:07:03,17,desktop
L0791,S1015,2025-02-22T09:33:45,120,tablet
L0792,S1018,2025-02-06T09:25:21,14,mobile
L0793,S1035,2025-03-28T13:59:54,89,desktop
L0794,S1012,2025-04-25T10:33:54,45,desktop
L0795,S1014,2025-03-30T20:49:06,23,tablet
L0796,S1005,2025-03-02T22:17:27,25,laptop
L0797,S1037,2025-04-23T21:48:07,113,tablet
L0798,S1044,2025-04-29T21:58:54,74,mobile
L0799,S1025,2025-04-16T05:37:20,99,laptop
L0800,S1045,2025-04-13T04:20:55,15,mobile
L0801,S1004,2025-02-11T08:32:58,60,laptop
L0802,S1005,2025-03-06T22:33:50,82,tablet
L0803,S1050,2025-03-05T13:26:16,8,mobile
L0804,S1029,2025-03-21T12:06:51,34,mobile
L0805,S1036,2025-03-10T07:44:00,60,laptop
L0806,S1044,2025-03-30T18:06:47,89,tablet
L0807,S1006,2025-04-17T20:12:20,84,mobile
L0808,S1016,2025-04-12T02:35:18,14,desktop
L0809,S1018,2025-02-16T20:17:10,53,laptop
L0810,S1048,2025-03-11T16:48:37,45,mobile
L0811,S1007,2025-02-10T18:11:00,5,mobile
L0812,S1029,2025-03-08T19:35:37,102,mobile
L0813,S1007,2025-02-14T17:41:20,16,laptop
L0814,S1028,2025-03-17T10:48:24,76,tablet
L0815,S1007,2025-02-04T10:07:11,16,mobile
L0816,S1036,2025-02-10T21:46:50,81,mobile
L0817,S1025,2025-02-03T01:40:51,42,tablet
L0818,S1025,2025-04-18T12:31:15,15,laptop
L0819,S1037,2025-03-24T11:11:12,26,tablet
L0820,S1011,2025-02-15T08:26:45,39,mobile
L0821,S1018,2025-03-21T17:59:14,23,desktop
L0822,S1011,2025-03-16T01:47:39,40,tablet
L0823,S1020,2025-03-20T21:15:57,105,desktop
L0824,S1024,2025-02-26T07:25:41,36,tablet
L0825,S1039,2025-04-02T17:52:03,30,tablet
L0826,S1007,2025-02-15T00:38:19,43,desktop
L0827,S1026,2025-03-06T03:02:50,112,tablet
L0828,S1022,2025-03-16T14:43:08,47,tablet
L0829,S1042,2025-03-31T13:57:40,22,mobile
L0830,S1021,2025-04-01T10:30:33,93,laptop
L0831,S1031,2025-03-04T09:01:31,27,tablet
L0832,S1021,2025-03-02T04:02:55,99,tablet
L0833,S1037,2025-04-18T19:03:27,36,mobile
L0834,S1025,2025-03-01T02:04:19,109,tablet
L0835,S1024,2025-02-12T22:18:11,77,laptop
L0836,S1038,2025-03-26T20:19:59,28,desktop
L0837,S1047,2025-03-18T16:34:58,95,laptop
L0838,S1029,2025-04-20T07:40:02,42,desktop
L0839,S1027,2025-04-08T05:04:36,68,laptop
L0840,S1041,2025-03-03T06:34:35,35,mobile
L0841,S1043,2025-02-16T20:06:18,96,tablet
L0842,S1025,2025-02-09T01:16:35,62,tablet
L0843,S1038,2025-03-12T18:52:07,73,tablet
L0844,S1035,2025-02-05T10:35:39,106,mobile
L0845,S1045,2025-04-29T19:35:42,108,desktop
L0846,S1007,2025-04-17T12:43:05,36,mobile
L0847,S1011,2025-04-05T16:32:39,83,desktop
L0848,S1037,2025-04-05T11:57:24,91,tablet
L0849,S1049,2025-03-06T01:36:05,106,tablet
L0850,S1007,2025-02-02T21:30:12,17,mobile
L0851,S1015,2025-03-23T10:53:13,100,laptop
L0852,S1029,2025-03-10T04:41:13,55,tablet
L0853,S1050,2025-04-08T20:24:15,80,laptop
L0854,S1023,2025-02-04T06:09:37,66,desktop
L0855,S1019,2025-03-14T06:13:05,15,desktop
L0856,S1047,2025-02-15T15:03:08,49,mobile
L0857,S1022,2025-03-18T01:55:37,105,laptop
L0858,S1034,2025-03-20T18:13:27,49,tablet
L0859,S1007,2025-03-16T09:55:33,97,tablet
L0860,S1021,2025-02-08T09:27:10,43,desktop
L0861,S1046,2025-02-13T01:05:36,7,mobile
L0862,S1042,2025-02-12T11:45:31,91,laptop
L0863,S1048,2025-02-25T13:17:01,71,laptop
L0864,S1036,2025-02-17T10:04:06,47,tablet
L0865,S1030,2025-02-24T09:11:16,107,tablet
L0866,S1041,2025-02-19T18:43:44,28,tablet
L0867,S1026,2025-02-04T16:56:53,99,laptop
L0868,S1029,2025-03-31T08:51:31,59,tablet
L0869,S1001,2025-04-11T07:04:41,32,laptop
L0870,S1018,2025-04-15T21:58:14,95,desktop
L0871,S1037,2025-02-11T18:01:29,107,laptop
L0872,S1024,2025-03-05T12:31:30,30,tablet
L0873,S1008,2025-02-27T08:15:10,90,tablet
L0874,S1034,2025-04-04T22:09:22,45,tablet
L0875,S1040,2025-03-11T23:37:08,80,desktop
L0876,S1023,2025-03-08T01:06:34,113,tablet
L0877,S1040,2025-02-18T14:56:36,109,mobile
L0878,S1040,2025-03-31T04:07:02,15,laptop
L0879,S1021,2025-02-13T07:33:46,35,mobile
L0880,S1008,2025-02-19T15:26:59,52,laptop
L0881,S1033,2025-03-11T14:06:37,58,laptop
L0882,S1037,2025-03-11T03:02:03,59,laptop
L0883,S1032,2025-04-04T13:45:05,73,laptop
L0884,S1036,2025-02-18T01:45:00,67,mobile
L0885,S1009,2025-02-20T00:53:47,45,tablet
L0886,S1040,2025-02-07T01:50:54,115,mobile
L0887,S1001,2025-03-20T22:08:45,22,laptop
L0888,S1025,2025-03-28T09:30:22,69,tablet
L0889,S1027,2025-04-09T08:23:02,67,tablet
L0890,S1046,2025-04-24T10:00:54,61,tablet
L0891,S1011,2025-02-09T21:33:42,77,desktop
L0892,S1049,2025-02-23T06:47:46,42,desktop
L0893,S1018,2025-02-23T16:50:54,73,mobile
L0894,S1011,2025-04-18T16:10:54,63,tablet
L0895,S1036,2025-03-23T11:11:22,19,desktop
L0896,S1018,2025-04-18T03:04:10,74,mobile
L0897,S1035,2025-04-22T17:44:51,101,desktop
L0898,S1049,2025-04-12T16:16:14,61,laptop
L0899,S1028,2025-02-11T19:34:22,99,laptop
L0900,S1020,2025-04-27T19:22:47,9,tablet
L0901,S1017,2025-03-07T17:10:06,115,desktop
L0902,S1029,2025-04-26T21:11:53,20,laptop
L0903,S1014,2025-04-21T13:59:58,99,mobile
L0904,S1046,2025-04-02T02:56:18,85,tablet
L0905,S1011,2025-04-02T16:39:41,22,laptop
L0906,S1014,2025-04-21T01:44:15,12,mobile
L0907,S1035,2025-03-01T03:54:03,81,laptop
L0908,S1021,2025-04-11T05:29:22,42,mobile
L0909,S1037,2025-02-27T19:52:47,114,desktop
L0910,S1009,2025-04-15T16:46:16,105,tablet
L0911,S1004,2025-02-28T19:08:09,115,laptop
L0912,S1045,2025-04-26T23:02:06,21,laptop
L0913,S1010,2025-04-11T22:35:43,46,laptop
L0914,S1049,2025-04-24T18:33:08,91,tablet
L0915,S1032,2025-02-15T16:12:33,78,mobile
L0916,S1041,2025-03-14T02:08:22,53,tablet
L0917,S1005,2025-04-04T09:23:05,106,desktop
L0918,S1026,2025-03-23T22:23:30,100,mobile
L0919,S1045,2025-04-28T01:13:22,52,tablet
L0920,S1032,2025-03-05T15:33:52,79,desktop
L0921,S1050,2025-04-25T02:58:05,98,desktop
L0922,S1047,2025-03-18T09:11:22,86,mobile
L0923,S1005,2025-04-20T02:59:21,73,tablet
L0924,S1014,2025-03-15T14:03:58,110,laptop
L0925,S1032,2025-02-27T22:39:41,46,mobile
L0926,S1022,2025-03-27T00:15:04,78,laptop
L0927,S1037,2025-04-25T15:12:49,67,mobile
L0928,S1044,2025-04-16T21:06:21,11,desktop
L0929,S1007,2025-04-03T16:01:45,105,tablet
L0930,S1002,2025-02-13T22:25:07,114,laptop
L0931,S1029,2025-03-18T04:41:22,5,tablet
L0932,S1013,2025-04-09T17:27:38,21,mobile
L0933,S1011,2025-04-27T18:28:45,117,mobile
L0934,S1006,2025-04-06T10:13:32,51,mobile
L0935,S1006,2025-03-09T23:23:02,90,laptop
L0936,S1004,2025-03-12T08:28:05,85,mobile
L0937,S1047,2025-04-10T18:44:30,101,laptop
L0938,S1028,2025-04-06T12:18:59,16,desktop
L0939,S1001,2025-02-22T14:13:57,66,desktop
L0940,S1009,2025-03-31T12:17:55,33,tablet
L0941,S1001,2025-02-02T15:42:44,94,mobile
L0942,S1008,2025-04-26T09:39:48,59,laptop
L0943,S1031,2025-02-08T17:58:01,34,tablet
L0944,S1006,2025-04-13T19:43:38,108,desktop
L0945,S1007,2025-03-04T07:05:13,52,mobile
L0946,S1009,2025-03-11T00:43:47,104,laptop
L0947,S1042,2025-04-08T14:46:08,23,desktop
L0948,S1034,2025-03-28T13:29:20,6,laptop
L0949,S1029,2025-03-07T23:15:07,97,laptop
L0950,S1041,2025-04-15T12:31:04,24,tablet
L0951,S1040,2025-04-09T12:44:25,61,laptop
L0952,S1006,2025-04-29T22:08:17,17,laptop
L0953,S1049,2025-02-13T19:54:08,80,tablet
L0954,S1023,2025-03-15T13:28:24,45,laptop
L0955,S1016,2025-02-28T18:18:24,87,desktop
L0956,S1016,2025-03-27T14:25:58,81,mobile
L0957,S1050,2025-04-09T21:51:04,8,mobile
L0958,S1014,2025-03-24T03:22:05,82,laptop
L0959,S1048,2025-03-11T21:46:16,42,desktop
L0960,S1016,2025-03-21T22:05:50,54,desktop
L0961,S1016,2025-03-22T09:02:13,86,desktop
L0962,S1034,2025-04-29T03:48:12,6,mobile
L0963,S1021,2025-02-14T16:28:03,54,tablet
L0964,S1024,2025-03-26T22:01:39,92,laptop
L0965,S1049,2025-03-19T14:28:08,103,desktop
L0966,S1002,2025-03-30T21:34:53,13,desktop
L0967,S1017,2025-02-22T19:38:33,10,desktop
L0968,S1026,2025-03-23T01:24:48,41,tablet
L0969,S1028,2025-04-11T00:15:45,56,desktop
L0970,S1041,2025-03-25T23:12:42,73,laptop
L0971,S1018,2025-02-09T23:43:14,44,desktop
L0972,S1033,2025-05-02T06:50:08,31,laptop
L0973,S1035,2025-03-05T14:18:31,55,desktop
L0974,S1020,2025-04-10T16:57:29,60,laptop
L0975,S1004,2025-02-25T14:36:15,16,tablet
L0976,S1008,2025-03-17T21:21:29,83,desktop
L0977,S1020,2025-04-07T13:00:11,99,laptop
L0978,S1008,2025-02-03T02:26:12,95,laptop
L0979,S1045,2025-02-02T23:22:26,25,tablet
L0980,S1023,2025-03-24T15:36:57,71,mobile
L0981,S1011,2025-03-09T23:26:37,21,mobile
L0982,S1047,2025-04-28T22:25:16,20,desktop
L0983,S1022,2025-04-21T05:37:22,59,mobile
L0984,S1034,2025-02-08T01:45:28,38,desktop
L0985,S1032,2025-03-18T01:36:46,70,mobile
L0986,S1004,2025-03-22T09:06:03,114,laptop
L0987,S1024,2025-02-17T03:29:02,37,desktop
L0988,S1037,2025-04-08T07:44:23,97,desktop
L0989,S1015,2025-04-14T19:04:03,70,desktop
L0990,S1003,2025-04-26T05:48:56,115,desktop
L0991,S1016,2025-02-06T08:04:12,65,mobile
L0992,S1025,2025-05-02T05:12:30,24,laptop
L0993,S1003,2025-03-27T13:11:36,107,tablet
L0994,S1015,2025-03-05T02:46:41,36,tablet
L0995,S1047,2025-03-04T22:25:41,39,desktop
L0996,S1037,2025-03-10T01:37:52,20,desktop
L0997,S1012,2025-02-23T12:59:02,107,desktop
L0998,S1026,2025-02-08T13:32:07,117,tablet
L0999,S1019,2025-04-17T23:22:29,113,mobile
L1000,S1021,2025-02-10T06:13:05,75,tablet
L1001,S1001,2025-03-09T16:34:10,30,mobile
L1002,S1037,2025-04-19T00:57:34,43,laptop
L1003,S1030,2025-03-09T15:03:54,80,tablet
L1004,S1050,2025-04-18T04:52:14,30,laptop
L1005,S1010,2025-02-02T11:47:12,57,desktop
L1006,S1015,2025-03-26T10:49:01,49,desktop
L1007,S1022,2025-02-02T00:19:55,102,tablet
L1008,S1048,2025-04-13T11:27:32,44,desktop
L1009,S1014,2025-03-25T07:28:57,35,tablet
L1010,S1032,2025-02-07T16:29:27,23,mobile
L1011,S1006,2025-02-06T03:13:13,34,tablet
L1012,S1045,2025-04-29T19:46:23,52,tablet
L1013,S1048,2025-02-10T02:45:44,79,desktop
L1014,S1033,2025-02-14T20:02:06,86,tablet
L1015,S1005,2025-03-31T08:08:32,77,desktop
L1016,S1028,2025-04-07T04:31:53,21,laptop
L1017,S1019,2025-02-27T05:04:41,113,mobile
L1018,S1026,2025-04-10T21:44:03,111,mobile
L1019,S1021,2025-03-17T19:55:39,39,laptop
L1020,S1005,2025-02-21T13:16:47,22,desktop
L1021,S1010,2025-02-12T03:07:32,26,tablet
L1022,S1030,2025-03-04T08:40:33,57,desktop
L1023,S1035,2025-03-08T15:47:43,103,laptop
L1024,S1029,2025-03-03T19:20:03,64,mobile
L1025,S1008,2025-02-10T15:37:16,25,mobile
L1026,S1046,2025-04-10T12:46:07,82,desktop
L1027,S1014,2025-04-24T00:46:16,114,mobile
L1028,S1010,2025-02-10T17:28:00,96,laptop
L1029,S1023,2025-03-12T08:14:30,70,desktop
L1030,S1044,2025-03-02T21:16:28,38,laptop
L1031,S1002,2025-03-13T03:13:38,114,tablet
L1032,S1036,2025-04-15T12:04:27,75,laptop
L1033,S1007,2025-03-18T17:33:50,18,laptop
L1034,S1008,2025-02-03T00:47:12,12,laptop
L1035,S1009,2025-02-21T02:36:31,110,tablet
L1036,S1024,2025-04-09T12:05:09,85,desktop
L1037,S1038,2025-03-30T18:40:51,38,desktop
L1038,S1002,2025-02-08T03:09:21,30,tablet
L1039,S1009,2025-02-10T19:15:03,120,mobile
L1040,S1008,2025-02-06T00:24:53,64,desktop
L1041,S1011,2025-05-02T14:18:29,78,tablet
L1042,S1047,2025-03-12T05:20:20,68,desktop
L1043,S1025,2025-04-09T04:55:36,59,laptop
L1044,S1023,2025-02-22T17:15:00,28,mobile
L1045,S1018,2025-03-17T04:12:26,118,laptop
L1046,S1003,2025-04-02T11:53:50,84,laptop
L1047,S1042,2025-03-02T12:34:12,68,tablet
L1048,S1036,2025-03-20T09:08:53,12,desktop
L1049,S1018,2025-03-11T01:24:56,22,tablet
L1050,S1013,2025-04-05T06:24:51,118,laptop
L1051,S1041,2025-04-20T18:06:44,74,desktop
L1052,S1025,2025-04-18T18:55:15,96,mobile
L1053,S1031,2025-03-26T17:44:37,105,tablet
L1054,S1023,2025-05-01T11:37:00,77,mobile
L1055,S1025,2025-02-28T03:05:09,28,desktop
L1056,S1021,2025-03-31T20:18:26,33,desktop
L1057,S1050,2025-03-01T03:32:45,12,tablet
L1058,S1034,2025-03-08T13:48:15,103,laptop
L1059,S1011,2025-02-11T14:15:18,36,laptop
L1060,S1018,2025-03-25T16:30:43,109,desktop
L1061,S1049,2025-02-23T04:11:28,78,tablet
L1062,S1023,2025-04-24T08:27:17,113,laptop
L1063,S1012,2025-02-24T20:07:45,80,mobile
L1064,S1048,2025-04-10T14:30:46,50,desktop
L1065,S1046,2025-04-10T21:21:00,50,laptop
L1066,S1037,2025-02-20T03:32:29,112,tablet
L1067,S1035,2025-03-03T21:04:16,27,tablet
L1068,S1003,2025-02-10T15:14:24,12,laptop
L1069,S1039,2025-02-23T02:47:13,7,tablet
L1070,S1001,2025-03-06T01:55:17,83,laptop
L1071,S1009,2025-03-06T22:57:05,96,laptop
L1072,S1021,2025-02-07T15:42:02,7,laptop
L1073,S1038,2025-04-11T06:59:12,23,desktop
L1074,S1034,2025-04-26T10:25:49,51,desktop
L1075,S1024,2025-04-11T06:37:04,89,tablet
L1076,S1038,2025-02-11T16:20:50,48,mobile
L1077,S1021,2025-02-15T02:52:50,25,tablet
L1078,S1041,2025-03-21T04:11:00,88,mobile
L1079,S1012,2025-04-11T12:46:51,76,mobile
L1080,S1015,2025-04-07T11:43:35,80,laptop
L1081,S1025,2025-03-03T15:52:30,98,mobile
L1082,S1009,2025-02-19T03:00:56,98,desktop
L1083,S1045,2025-03-29T11:43:37,55,desktop
L1084,S1012,2025-04-01T08:35:33,45,laptop
L1085,S1041,2025-03-28T18:45:10,18,tablet
L1086,S1010,2025-03-06T00:36:13,100,desktop
L1087,S1016,2025-03-07T13:03:05,45,laptop
L1088,S1041,2025-04-28T19:52:15,16,mobile
L1089,S1029,2025-02-02T23:28:44,38,laptop
L1090,S1016,2025-04-10T04:08:33,13,mobile
L1091,S1017,2025-04-19T06:48:53,18,desktop
L1092,S1004,2025-03-11T08:13:26,61,tablet
L1093,S1011,2025-04-28T18:04:50,57,tablet
L1094,S1025,2025-03-07T23:21:11,74,tablet
L1095,S1007,2025-04-23T08:11:07,66,laptop
L1096,S1011,2025-03-17T16:30:04,14,desktop
L1097,S1019,2025-02-03T19:42:37,45,mobile
L1098,S1007,2025-02-09T01:49:29,48,laptop
L1099,S1025,2025-02-17T11:51:35,98,desktop
L1100,S1036,2025-04-30T01:42:22,16,mobile
L1101,S1039,2025-04-02T10:49:16,119,tablet
L1102,S1046,2025-02-04T21:08:40,60,laptop
L1103,S1039,2025-04-29T06:12:02,60,laptop
L1104,S1004,2025-02-11T16:52:23,47,laptop
L1105,S1013,2025-03-13T14:36:59,94,mobile
L1106,S1043,2025-03-01T04:55:17,43,laptop
L1107,S1007,2025-02-06T16:35:03,55,tablet
L1108,S1010,2025-02-07T03:55:50,51,desktop
L1109,S1028,2025-02-10T09:06:50,42,tablet
L1110,S1013,2025-02-11T06:55:16,8,laptop
L1111,S1011,2025-04-04T20:01:02,42,desktop
L1112,S1031,2025-04-24T19:02:59,19,mobile
L1113,S1026,2025-03-19T14:18:19,67,mobile
L1114,S1006,2025-04-05T04:34:56,74,tablet
L1115,S1012,2025-03-09T21:27:56,118,tablet
L1116,S1024,2025-02-19T23:41:42,62,desktop
L1117,S1017,2025-03-16T13:35:41,64,mobile
L1118,S1015,2025-04-24T03:27:36,39,desktop
L1119,S1010,2025-04-15T21:45:36,94,desktop
L1120,S1006,2025-04-07T17:48:25,49,tablet
L1121,S1049,2025-03-31T03:05:14,34,desktop
L1122,S1025,2025-04-22T07:56:51,71,tablet
L1123,S1035,2025-04-09T13:54:34,115,tablet
L1124,S1037,2025-04-28T11:19:39,35,tablet
L1125,S1020,2025-02-09T12:54:13,55,desktop
L1126,S1033,2025-03-29T07:57:51,120,laptop
L1127,S1008,2025-04-16T09:18:10,62,laptop
L1128,S1011,2025-02-22T10:39:54,108,laptop
L1129,S1009,2025-02-06T00:22:02,59,desktop
L1130,S1044,2025-03-16T03:27:54,30,laptop
L1131,S1039,2025-02-26T21:50:38,45,desktop
L1132,S1006,2025-03-11T13:15:42,76,tablet
L1133,S1036,2025-03-05T12:51:20,114,mobile
L1134,S1034,2025-03-18T08:30:31,116,desktop
L1135,S1045,2025-04-03T08:45:19,80,tablet
L1136,S1008,2025-03-14T02:38:45,24,laptop
L1137,S1037,2025-03-30T22:54:39,79,desktop
L1138,S1007,2025-03-28T12:04:24,104,desktop
L1139,S1019,2025-04-27T02:17:20,73,mobile
L1140,S1027,2025-02-27T12:24:29,54,tablet
L1141,S1037,2025-04-01T23:54:35,65,desktop
L1142,S1012,2025-02-28T14:41:12,56,laptop
L1143,S1040,2025-04-01T23:11:41,92,tablet
L1144,S1003,2025-03-12T07:11:21,118,mobile
L1145,S1045,2025-02-24T22:31:30,11,tablet
L1146,S1018,2025-04-29T23:09:35,52,desktop
L1147,S1022,2025-04-22T05:34:21,106,mobile
L1148,S1020,2025-03-01T02:10:49,112,tablet
L1149,S1045,2025-04-09T08:44:46,17,laptop
L1150,S1009,2025-03-03T01:05:43,100,tablet
L1151,S1050,2025-04-23T01:13:59,46,mobile
L1152,S1047,2025-03-14T08:04:34,82,desktop
L1153,S1013,2025-03-16T18:11:58,32,tablet
L1154,S1048,2025-03-20T21:47:58,102,mobile
L1155,S1004,2025-03-23T21:35:26,106,laptop
L1156,S1005,2025-03-04T01:53:40,95,tablet
L1157,S1009,2025-04-18T15:39:37,113,desktop
L1158,S1012,2025-02-20T14:05:47,117,laptop
L1159,S1004,2025-02-26T02:16:47,9,tablet
L1160,S1004,2025-05-02T00:05:33,51,laptop
L1161,S1018,2025-03-09T15:14:50,110,tablet
L1162,S1033,2025-03-12T09:52:04,86,desktop
L1163,S1044,2025-02-04T20:08:33,35,mobile
L1164,S1032,2025-03-31T13:08:49,62,laptop
L1165,S1031,2025-03-30T20:27:19,75,mobile
L1166,S1023,2025-02-17T17:56:22,112,mobile
L1167,S1048,2025-04-23T12:59:35,93,desktop
L1168,S1019,2025-02-04T12:53:22,54,desktop
L1169,S1011,2025-04-25T18:28:23,78,laptop
L1170,S1015,2025-04-05T17:25:47,33,laptop
L1171,S1018,2025-04-06T03:14:01,57,desktop
L1172,S1050,2025-04-17T09:29:57,92,desktop
L1173,S1031,2025-05-01T08:54:36,21,laptop
L1174,S1039,2025-04-20T15:04:31,6,laptop
L1175,S1017,2025-04-01T22:28:09,108,mobile
L1176,S1046,2025-04-11T17:52:22,87,mobile
L1177,S1028,2025-04-29T19:33:06,53,mobile
L1178,S1030,2025-02-26T08:07:29,32,tablet
L1179,S1020,2025-04-08T14:54:24,71,tablet
L1180,S1038,2025-02-11T19:19:47,5,mobile
L1181,S1036,2025-04-05T17:20:30,81,mobile
L1182,S1020,2025-04-09T07:43:24,18,tablet
L1183,S1005,2025-03-06T12:31:22,40,mobile
L1184,S1018,2025-02-27T05:26:30,88,mobile
L1185,S1013,2025-02-16T10:17:09,71,laptop
L1186,S1004,2025-04-21T01:42:46,114,tablet
L1187,S1043,2025-03-04T21:36:50,92,laptop
L1188,S1047,2025-02-04T08:14:25,88,tablet
L1189,S1019,2025-02-27T01:25:56,58,tablet
L1190,S1025,2025-04-14T09:38:07,9,laptop
L1191,S1022,2025-04-13T09:54:33,96,laptop
L1192,S1044,2025-03-25T18:42:55,86,tablet
L1193,S1043,2025-03-08T16:17:02,69,mobile
L1194,S1011,2025-04-24T11:45:19,89,laptop
L1195,S1019,2025-02-11T08:21:24,65,laptop
L1196,S1048,2025-02-26T23:37:39,97,laptop
L1197,S1044,2025-04-30T05:07:28,47,desktop
L1198,S1015,2025-03-08T08:47:44,33,mobile
L1199,S1027,2025-04-19T09:18:32,118,mobile
L1200,S1024,2025-02-27T04:04:20,79,mobile
L1201,S1030,2025-04-25T12:23:50,20,tablet
L1202,S1004,2025-04-26T23:46:05,86,desktop
L1203,S1031,2025-04-29T05:26:17,29,desktop
L1204,S1044,2025-03-10T22:16:44,72,mobile
L1205,S1027,2025-02-07T02:53:55,116,laptop
L1206,S1009,2025-02-21T07:39:00,48,tablet
L1207,S1037,2025-04-29T13:24:18,63,laptop
L1208,S1021,2025-04-26T14:26:55,96,laptop
L1209,S1050,2025-02-09T17:13:46,67,mobile
L1210,S1041,2025-02-19T00:57:20,45,desktop
L1211,S1001,2025-03-17T18:17:08,40,laptop
L1212,S1049,2025-04-17T23:24:33,26,laptop
L1213,S1032,2025-04-19T02:35:57,102,desktop
L1214,S1009,2025-04-02T12:46:00,60,tablet
L1215,S1026,2025-03-15T12:37:37,66,tablet
L1216,S1001,2025-02-05T12:49:53,73,laptop
L1217,S1047,2025-03-10T02:18:52,6,mobile
L1218,S1049,2025-04-23T18:29:19,72,laptop
L1219,S1002,2025-04-08T13:51:45,5,laptop
L1220,S1015,2025-04-10T04:57:18,117,mobile
L1221,S1020,2025-02-14T09:21:20,18,tablet
L1222,S1033,2025-03-31T00:37:38,44,laptop
L1223,S1005,2025-04-22T20:37:13,10,mobile
L1224,S1019,2025-03-18T03:18:38,98,mobile
L1225,S1028,2025-04-29T02:03:17,92,laptop
L1226,S1022,2025-04-30T09:18:06,67,mobile
L1227,S1049,2025-02-20T03:59:23,26,tablet
L1228,S1002,2025-02-24T01:10:42,33,laptop
L1229,S1014,2025-04-14T03:26:52,7,laptop
L1230,S1008,2025-03-09T11:08:42,96,desktop
L1231,S1025,2025-04-27T23:25:16,86,mobile
L1232,S1050,2025-03-25T18:56:40,84,desktop
L1233,S1039,2025-02-06T12:40:51,89,desktop
L1234,S1042,2025-04-24T01:13:34,7,desktop
L1235,S1045,2025-02-13T02:44:06,58,tablet
L1236,S1025,2025-02-13T20:55:21,75,mobile
L1237,S1031,2025-04-11T00:23:48,24,laptop
L1238,S1045,2025-04-09T10:48:55,85,desktop
L1239,S1020,2025-03-14T17:37:36,89,desktop
L1240,S1043,2025-03-24T09:20:01,39,laptop
L1241,S1027,2025-04-23T12:29:11,120,desktop
L1242,S1033,2025-04-12T15:46:19,84,desktop
L1243,S1019,2025-02-12T22:35:37,105,desktop
L1244,S1032,2025-02-21T03:48:19,82,laptop
L1245,S1050,2025-02-27T09:44:43,111,laptop
L1246,S1023,2025-04-11T04:03:06,57,mobile
L1247,S1011,2025-02-05T16:44:50,75,tablet
L1248,S1014,2025-04-09T16:33:23,66,mobile
L1249,S1016,2025-02-02T03:18:19,6,desktop
L1250,S1008,2025-04-23T23:09:26,78,tablet
L1251,S1010,2025-02-10T14:49:59,104,desktop
L1252,S1047,2025-04-13T02:58:48,17,mobile
L1253,S1042,2025-02-24T07:34:04,63,mobile
L1254,S1017,2025-03-18T22:46:11,11,desktop
L1255,S1012,2025-04-27T17:49:12,10,mobile
L1256,S1024,2025-04-20T16:46:46,91,mobile
L1257,S1028,2025-04-14T13:50:55,19,desktop
L1258,S1049,2025-04-29T07:27:21,10,desktop
L1259,S1009,2025-04-07T06:39:16,87,laptop
L1260,S1022,2025-03-08T14:01:28,119,tablet
L1261,S1040,2025-02-27T22:07:53,117,desktop
L1262,S1024,2025-04-21T23:55:46,48,laptop
L1263,S1008,2025-03-12T18:48:16,56,tablet
L1264,S1018,2025-04-24T00:16:00,54,tablet
L1265,S1027,2025-04-05T20:50:49,118,laptop
L1266,S1008,2025-02-14T17:41:58,94,desktop
L1267,S1011,2025-02-11T22:35:39,58,tablet
L1268,S1037,2025-04-08T17:41:45,61,laptop
L1269,S1040,2025-03-10T17:48:31,104,mobile
L1270,S1040,2025-02-04T16:04:19,115,laptop
L1271,S1031,2025-05-02T05:36:28,67,desktop
L1272,S1027,2025-03-16T15:48:08,10,desktop
L1273,S1017,2025-04-06T11:07:27,45,desktop
L1274,S1046,2025-04-27T04:17:10,91,laptop
L1275,S1043,2025-04-27T15:29:50,48,desktop
L1276,S1028,2025-04-07T02:49:44,98,laptop
L1277,S1031,2025-03-07T10:34:47,89,tablet
L1278,S1010,2025-04-24T08:00:50,110,desktop
L1279,S1001,2025-04-05T08:09:10,25,tablet
L1280,S1032,2025-04-27T06:48:37,26,desktop
L1281,S1049,2025-03-21T14:32:53,46,laptop
L1282,S1022,2025-02-28T21:04:42,11,laptop
L1283,S1036,2025-04-05T07:57:47,53,tablet
L1284,S1016,2025-02-09T12:36:49,63,tablet
L1285,S1037,2025-03-17T09:04:14,16,tablet
L1286,S1029,2025-03-04T13:24:07,20,tablet
L1287,S1048,2025-04-06T07:23:41,7,desktop
L1288,S1026,2025-03-13T21:44:37,9,desktop
L1289,S1006,2025-04-19T17:54:50,82,mobile
L1290,S1033,2025-03-28T11:15:18,31,tablet
L1291,S1022,2025-03-09T03:34:28,110,desktop
L1292,S1015,2025-04-24T20:19:39,63,mobile
L1293,S1036,2025-04-17T09:08:06,84,tablet
L1294,S1046,2025-04-06T16:14:09,51,tablet
L1295,S1008,2025-02-11T07:58:11,102,laptop
L1296,S1001,2025-03-07T00:20:42,50,mobile
L1297,S1036,2025-03-24T13:14:19,52,desktop
L1298,S1003,2025-04-29T22:48:01,26,tablet
L1299,S1009,2025-04-22T15:56:53,96,tablet
L1300,S1007,2025-02-26T13:27:44,83,laptop
L1301,S1013,2025-02-13T14:17:00,114,tablet
L1302,S1014,2025-03-18T05:55:10,110,laptop
L1303,S1046,2025-03-06T16:22:03,18,tablet
L1304,S1003,2025-05-02T20:07:17,86,desktop
L1305,S1050,2025-04-29T10:51:48,62,tablet
L1306,S1043,2025-03-31T02:07:53,69,laptop
L1307,S1032,2025-02-02T07:01:57,72,desktop
L1308,S1036,2025-03-15T21:26:47,112,tablet
L1309,S1033,2025-04-18T16:58:37,27,laptop
L1310,S1047,2025-04-22T00:34:54,21,desktop
L1311,S1025,2025-04-06T17:03:43,81,mobile
L1312,S1033,2025-04-28T10:42:50,54,tablet
L1313,S1039,2025-05-01T19:09:02,93,laptop
L1314,S1018,2025-03-12T12:01:46,48,mobile
L1315,S1029,2025-04-21T00:14:16,22,laptop
L1316,S1027,2025-04-01T08:54:32,94,mobile
L1317,S1045,2025-03-27T01:24:20,115,mobile
L1318,S1046,2025-04-14T09:50:13,75,laptop
L1319,S1013,2025-02-22T05:35:28,84,mobile
L1320,S1044,2025-03-07T09:31:03,91,laptop
L1321,S1046,2025-04-05T23:44:10,27,mobile
L1322,S1046,2025-02-13T01:50:20,102,mobile
L1323,S1036,2025-03-20T12:16:05,79,tablet
L1324,S1044,2025-04-15T11:35:08,119,mobile
L1325,S1028,2025-04-21T08:24:42,6,desktop
L1326,S1002,2025-03-10T20:25:02,23,desktop
L1327,S1043,2025-02-07T08:49:26,30,mobile
L1328,S1049,2025-04-19T03:20:52,25,mobile
L1329,S1044,2025-02-26T04:46:29,23,desktop
L1330,S1045,2025-04-19T00:36:37,42,laptop
L1331,S1049,2025-03-26T09:56:51,9,mobile
L1332,S1029,2025-02-11T19:43:15,83,laptop
L1333,S1048,2025-04-05T16:49:22,76,tablet
L1334,S1016,2025-03-23T11:27:37,105,mobile
L1335,S1045,2025-04-07T09:18:27,11,tablet
L1336,S1025,2025-03-14T07:35:41,105,mobile
L1337,S1036,2025-02-07T02:17:36,6,mobile
L1338,S1013,2025-04-03T02:56:19,116,tablet
L1339,S1015,2025-05-01T08:50:32,86,mobile
L1340,S1049,2025-03-30T23:57:44,74,laptop
L1341,S1050,2025-04-13T06:05:54,29,mobile
L1342,S1029,2025-02-19T02:21:27,92,desktop
L1343,S1012,2025-02-18T17:53:50,99,desktop
L1344,S1025,2025-02-05T19:36:35,59,mobile
L1345,S1036,2025-02-27T12:38:53,21,laptop
L1346,S1038,2025-04-25T00:16:52,37,desktop
L1347,S1022,2025-03-19T03:33:21,95,laptop
L1348,S1003,2025-02-16T19:04:48,46,desktop
L1349,S1050,2025-04-03T14:08:06,83,mobile
L1350,S1032,2025-04-19T13:32:41,78,mobile
L1351,S1005,2025-04-18T23:51:03,95,mobile
L1352,S1034,2025-02-23T05:28:26,28,desktop
L1353,S1033,2025-02-17T08:17:07,58,tablet
L1354,S1006,2025-03-07T19:05:35,33,laptop
L1355,S1043,2025-03-06T02:16:11,47,mobile
L1356,S1019,2025-02-23T01:56:22,101,tablet
L1357,S1036,2025-04-22T20:15:30,101,desktop
L1358,S1008,2025-04-07T19:39:53,49,tablet
L1359,S1016,2025-04-30T16:33:17,87,laptop
L1360,S1003,2025-04-09T03:23:06,118,mobile
L1361,S1025,2025-05-01T19:12:09,106,desktop
L1362,S1025,2025-02-26T18:49:28,74,mobile
L1363,S1002,2025-05-01T08:29:30,71,mobile
L1364,S1033,2025-04-20T19:37:25,70,tablet
L1365,S1032,2025-02-06T03:06:25,42,laptop
L1366,S1021,2025-03-23T18:23:12,15,desktop
L1367,S1011,2025-04-17T22:53:16,73,desktop
L1368,S1041,2025-02-08T05:29:08,31,laptop
L1369,S1044,2025-03-15T01:24:17,111,desktop
L1370,S1014,2025-03-26T01:59:00,111,tablet
L1371,S1042,2025-04-22T04:06:03,14,laptop
L1372,S1002,2025-03-18T10:59:51,96,mobile
L1373,S1003,2025-02-10T08:51:49,14,desktop
L1374,S1012,2025-04-19T23:34:47,37,desktop
L1375,S1037,2025-04-22T15:26:13,34,mobile
L1376,S1027,2025-03-11T13:06:24,62,tablet
L1377,S1028,2025-03-04T14:12:02,7,tablet
L1378,S1044,2025-02-13T08:35:51,73,desktop
L1379,S1042,2025-04-12T19:18:45,84,desktop
L1380,S1049,2025-04-15T07:07:01,79,desktop
L1381,S1045,2025-04-25T05:29:38,14,mobile
L1382,S1033,2025-02-12T04:14:20,42,mobile
L1383,S1039,2025-02-10T06:29:49,41,tablet
L1384,S1025,2025-03-12T05:36:21,110,desktop
L1385,S1031,2025-02-17T01:11:07,73,laptop
L1386,S1009,2025-04-15T08:59:16,55,mobile
L1387,S1041,2025-02-15T20:38:44,43,mobile
L1388,S1001,2025-03-27T14:43:48,116,laptop
L1389,S1008,2025-02-05T22:15:49,5,tablet
L1390,S1035,2025-03-27T00:45:07,15,mobile
L1391,S1014,2025-04-15T12:34:57,99,mobile
L1392,S1014,2025-03-13T22:28:47,120,laptop
L1393,S1011,2025-02-19T17:39:33,33,mobile
L1394,S1013,2025-02-13T00:00:54,28,desktop
L1395,S1049,2025-03-27T03:50:27,64,desktop
L1396,S1019,2025-04-08T02:03:55,13,mobile
L1397,S1007,2025-02-21T00:56:29,97,tablet
L1398,S1022,2025-03-08T13:07:04,21,laptop
L1399,S1007,2025-03-01T13:20:34,84,desktop
L1400,S1013,2025-03-04T17:25:12,67,tablet
L1401,S1022,2025-04-02T17:06:26,89,mobile
L1402,S1045,2025-03-30T14:08:23,24,mobile
L1403,S1021,2025-03-15T10:57:13,26,desktop
L1404,S1021,2025-02-25T18:33:17,105,laptop
L1405,S1046,2025-04-14T16:49:19,87,tablet
L1406,S1018,2025-04-24T10:31:24,51,laptop
L1407,S1044,2025-04-14T00:52:32,47,tablet
L1408,S1030,2025-03-17T02:41:04,50,mobile
L1409,S1032,2025-03-27T10:24:49,18,laptop
L1410,S1042,2025-04-01T18:28:12,15,mobile
L1411,S1009,2025-04-29T09:47:52,73,laptop
L1412,S1017,2025-04-14T02:12:29,118,desktop
L1413,S1047,2025-02-09T04:37:11,119,desktop
L1414,S1033,2025-04-04T04:43:18,8,tablet
L1415,S1050,2025-03-31T03:48:34,32,desktop
L1416,S1036,2025-02-27T04:12:19,74,tablet
L1417,S1042,2025-04-18T03:15:56,24,mobile
L1418,S1026,2025-02-23T13:16:02,119,mobile
L1419,S1009,2025-03-18T23:45:26,69,desktop
L1420,S1026,2025-03-09T04:47:36,69,desktop
L1421,S1043,2025-02-25T01:33:28,113,laptop
L1422,S1049,2025-03-23T18:57:02,22,tablet
L1423,S1011,2025-02-19T06:21:49,77,laptop
L1424,S1048,2025-04-13T22:37:09,66,mobile
L1425,S1003,2025-02-23T02:48:38,102,tablet
L1426,S1015,2025-02-07T23:24:08,38,mobile
L1427,S1015,2025-02-06T00:40:34,90,laptop
L1428,S1034,2025-05-01T00:04:49,106,mobile
L1429,S1025,2025-03-19T11:20:43,63,desktop
L1430,S1003,2025-04-05T20:05:50,46,desktop
L1431,S1046,2025-03-24T11:48:43,86,mobile
L1432,S1048,2025-02-27T10:29:46,79,laptop
L1433,S1025,2025-04-06T08:05:56,53,mobile
L1434,S1038,2025-04-06T07:18:35,119,desktop
L1435,S1034,2025-02-26T07:09:50,53,laptop
L1436,S1034,2025-03-13T06:36:22,50,mobile
L1437,S1032,2025-04-19T19:57:03,66,desktop
L1438,S1033,2025-04-28T12:12:50,22,tablet
L1439,S1011,2025-02-24T04:50:33,14,mobile
L1440,S1014,2025-02-16T11:00:38,28,laptop
L1441,S1024,2025-04-01T07:44:03,96,desktop
L1442,S1043,2025-02-24T05:40:16,58,mobile
L1443,S1047,2025-02-12T21:01:24,66,tablet
L1444,S1031,2025-02-22T07:54:03,80,laptop
L1445,S1042,2025-04-23T18:48:23,57,desktop
L1446,S1016,2025-02-06T01:27:31,21,laptop
L1447,S1009,2025-04-03T23:51:38,70,desktop
L1448,S1037,2025-02-16T03:08:44,12,laptop
L1449,S1017,2025-05-02T10:22:56,28,tablet
L1450,S1039,2025-03-28T14:13:09,86,desktop
L1451,S1047,2025-04-13T13:13:42,89,mobile
L1452,S1006,2025-02-22T21:37:28,62,tablet
L1453,S1031,2025-02-18T10:22:28,33,tablet
L1454,S1039,2025-02-15T17:28:07,106,laptop
L1455,S1040,2025-04-06T22:01:05,70,mobile
L1456,S1011,2025-04-13T04:24:10,92,mobile
L1457,S1030,2025-03-31T18:56:55,80,desktop
L1458,S1015,2025-03-10T14:13:17,54,laptop
L1459,S1007,2025-02-03T11:31:08,30,tablet
L1460,S1010,2025-04-01T15:52:05,17,laptop
L1461,S1031,2025-04-30T09:49:28,83,desktop
L1462,S1035,2025-03-22T17:46:02,101,desktop
L1463,S1006,2025-03-20T16:37:41,89,laptop
L1464,S1039,2025-03-26T05:33:09,110,desktop
L1465,S1050,2025-04-08T18:04:59,88,tablet
L1466,S1034,2025-03-14T17:11:24,52,desktop
L1467,S1045,2025-03-25T07:29:14,59,laptop
L1468,S1031,2025-04-19T12:43:23,103,tablet
L1469,S1023,2025-03-31T01:30:24,107,desktop
L1470,S1028,2025-02-14T20:53:43,37,tablet
L1471,S1050,2025-02-24T10:43:10,114,desktop
L1472,S1019,2025-03-31T23:02:50,117,tablet
L1473,S1017,2025-02-20T05:22:34,5,desktop
L1474,S1037,2025-03-24T14:31:59,20,desktop
L1475,S1025,2025-04-06T10:07:41,31,mobile
L1476,S1027,2025-03-09T01:04:30,18,laptop
L1477,S1028,2025-04-06T03:12:26,79,mobile
L1478,S1017,2025-04-25T21:09:57,73,tablet
L1479,S1037,2025-03-09T08:56:15,83,mobile
L1480,S1044,2025-03-12T11:03:38,101,laptop
L1481,S1027,2025-03-27T11:25:22,105,tablet
L1482,S1012,2025-03-09T19:35:02,76,tablet
L1483,S1017,2025-03-03T15:28:43,78,mobile
L1484,S1050,2025-04-11T08:50:48,55,laptop
L1485,S1043,2025-02-13T10:24:54,100,laptop
L1486,S1029,2025-04-18T21:42:07,94,laptop
L1487,S1007,2025-02-22T16:38:56,70,tablet
L1488,S1022,2025-04-20T15:02:59,75,desktop
L1489,S1011,2025-03-11T15:36:09,86,desktop
L1490,S1006,2025-04-22T19:14:58,23,tablet
L1491,S1039,2025-03-16T03:25:41,16,desktop
L1492,S1017,2025-02-23T09:41:14,52,desktop
L1493,S1039,2025-02-05T12:54:05,97,tablet
L1494,S1026,2025-04-02T11:34:07,88,mobile
L1495,S1046,2025-03-31T21:08:14,12,laptop
L1496,S1041,2025-03-21T20:53:13,61,desktop
L1497,S1013,2025-04-25T10:53:29,89,mobile
L1498,S1013,2025-02-05T03:14:26,105,laptop
L1499,S1040,2025-02-18T07:50:56,91,desktop
L1500,S1024,2025-02-25T02:26:01,88,desktop
L1501,S1011,2025-02-10T07:17:01,40,tablet
L1502,S1023,2025-04-07T21:21:03,55,tablet
L1503,S1038,2025-02-21T07:40:56,71,desktop
L1504,S1048,2025-04-11T04:28:59,13,desktop
L1505,S1036,2025-03-01T11:50:37,97,mobile
L1506,S1023,2025-04-22T01:12:45,40,laptop
L1507,S1039,2025-02-20T18:12:06,63,tablet
L1508,S1037,2025-02-02T07:45:50,38,laptop
L1509,S1027,2025-03-23T00:32:43,18,desktop
L1510,S1033,2025-03-02T10:34:54,48,desktop
L1511,S1033,2025-02-26T21:23:39,117,mobile
L1512,S1045,2025-03-16T20:39:03,53,tablet
L1513,S1050,2025-02-25T11:47:34,101,mobile
L1514,S1050,2025-03-18T10:07:10,92,tablet
L1515,S1038,2025-04-26T13:35:06,8,tablet
L1516,S1008,2025-02-26T21:41:19,13,tablet
L1517,S1041,2025-04-19T10:37:37,33,laptop
L1518,S1021,2025-03-13T21:56:50,50,desktop
L1519,S1045,2025-04-23T16:02:18,38,laptop
L1520,S1019,2025-02-10T21:39:10,56,mobile
L1521,S1005,2025-03-27T17:07:26,27,tablet
L1522,S1021,2025-03-08T04:43:42,32,mobile
L1523,S1012,2025-04-15T07:35:43,92,laptop
L1524,S1032,2025-04-14T10:31:16,30,laptop
L1525,S1048,2025-02-25T08:57:28,116,mobile
L1526,S1014,2025-02-24T03:01:03,30,laptop
L1527,S1040,2025-03-08T10:31:45,24,desktop
L1528,S1008,2025-05-02T05:07:08,15,tablet
L1529,S1040,2025-02-02T12:21:34,102,desktop
L1530,S1031,2025-03-09T21:52:33,84,mobile
L1531,S1032,2025-04-30T01:41:57,117,mobile
L1532,S1032,2025-02-19T15:02:51,102,mobile
L1533,S1026,2025-02-23T10:26:20,101,laptop
L1534,S1004,2025-03-24T21:58:39,107,tablet
L1535,S1031,2025-03-26T09:00:21,9,mobile
L1536,S1026,2025-04-26T09:48:10,92,laptop
L1537,S1030,2025-02-13T13:24:12,94,tablet
L1538,S1021,2025-04-09T18:54:08,6,desktop
L1539,S1044,2025-02-22T08:00:50,53,desktop
L1540,S1021,2025-03-08T23:31:11,83,mobile
L1541,S1012,2025-03-27T03:10:14,38,laptop
L1542,S1018,2025-03-19T15:14:22,83,mobile
L1543,S1024,2025-02-19T17:28:30,68,tablet
L1544,S1014,2025-03-14T13:28:57,94,mobile
L1545,S1024,2025-04-25T19:38:57,56,mobile
L1546,S1029,2025-02-19T08:05:51,78,laptop
L1547,S1037,2025-04-09T11:26:56,34,desktop
L1548,S1047,2025-02-28T01:57:08,107,laptop
L1549,S1036,2025-03-15T20:04:04,114,tablet
L1550,S1013,2025-02-16T00:45:56,107,laptop
L1551,S1031,2025-04-21T02:16:07,6,laptop
L1552,S1027,2025-03-22T09:04:21,22,mobile
L1553,S1032,2025-03-03T00:03:20,37,desktop
L1554,S1026,2025-02-11T11:33:11,93,laptop
L1555,S1004,2025-02-22T19:00:01,109,mobile
L1556,S1031,2025-04-24T07:52:15,85,desktop
L1557,S1029,2025-04-15T03:57:11,47,mobile
L1558,S1024,2025-03-08T20:30:01,76,mobile
L1559,S1023,2025-02-03T19:08:41,57,desktop
L1560,S1023,2025-04-27T02:02:26,91,laptop
L1561,S1037,2025-03-29T18:51:23,88,laptop
L1562,S1050,2025-03-01T12:06:42,50,mobile
L1563,S1044,2025-03-23T10:20:50,67,tablet
L1564,S1006,2025-03-10T20:53:06,83,mobile
L1565,S1030,2025-04-04T04:55:16,23,laptop
L1566,S1041,2025-04-21T07:02:33,48,tablet
L1567,S1041,2025-04-02T07:42:40,78,tablet
L1568,S1005,2025-02-09T13:16:09,25,mobile
L1569,S1015,2025-03-04T07:23:29,45,mobile
L1570,S1046,2025-02-27T20:10:52,82,tablet
L1571,S1018,2025-04-29T01:23:49,61,mobile
L1572,S1048,2025-03-30T20:32:50,71,tablet
L1573,S1027,2025-02-18T02:48:17,28,desktop
L1574,S1009,2025-04-13T12:45:28,35,mobile
L1575,S1048,2025-04-10T21:40:02,100,desktop
L1576,S1014,2025-02-18T01:51:17,55,desktop
L1577,S1007,2025-02-08T01:34:20,117,tablet
L1578,S1036,2025-02-07T02:20:51,8,tablet
L1579,S1034,2025-04-17T03:29:45,15,desktop
L1580,S1017,2025-04-02T21:12:27,24,desktop
L1581,S1042,2025-04-28T20:13:22,54,mobile
L1582,S1015,2025-02-25T21:24:03,99,mobile
L1583,S1029,2025-04-03T16:43:51,21,laptop
L1584,S1034,2025-04-24T06:48:47,26,desktop
L1585,S1003,2025-04-07T07:06:24,50,mobile
L1586,S1031,2025-03-19T05:33:53,116,mobile
L1587,S1036,2025-03-17T01:29:20,22,laptop
L1588,S1038,2025-03-31T21:23:50,63,tablet
L1589,S1034,2025-04-04T23:44:09,86,mobile
L1590,S1023,2025-03-20T15:15:18,74,laptop
L1591,S1006,2025-03-16T18:32:03,44,mobile
L1592,S1027,2025-02-27T02:19:10,24,mobile
L1593,S1001,2025-02-01T21:08:25,71,laptop
L1594,S1023,2025-03-01T17:07:47,65,desktop
L1595,S1045,2025-05-02T09:32:49,67,tablet
L1596,S1020,2025-02-02T18:12:20,103,tablet
L1597,S1019,2025-03-31T20:02:41,34,desktop
L1598,S1036,2025-03-10T03:34:43,29,tablet
L1599,S1036,2025-03-16T07:27:24,55,laptop
L1600,S1011,2025-04-12T06:51:05,99,tablet
L1601,S1025,2025-02-23T06:56:34,38,desktop
L1602,S1028,2025-04-03T14:02:00,35,mobile
L1603,S1019,2025-04-05T19:56:22,100,mobile
L1604,S1027,2025-02-20T02:59:54,114,desktop
L1605,S1012,2025-02-15T03:16:56,42,desktop
L1606,S1041,2025-03-18T01:57:05,84,tablet
L1607,S1018,2025-04-10T21:08:41,84,tablet
L1608,S1013,2025-03-05T00:04:45,7,laptop
L1609,S1004,2025-03-25T19:29:50,7,laptop
L1610,S1007,2025-03-01T06:17:59,39,laptop
L1611,S1046,2025-03-16T10:30:36,98,desktop
L1612,S1015,2025-02-10T15:05:58,24,desktop
L1613,S1032,2025-02-22T23:00:36,48,tablet
L1614,S1020,2025-04-19T03:47:52,107,tablet
L1615,S1024,2025-03-18T21:23:18,94,desktop
L1616,S1022,2025-02-09T15:51:31,112,laptop
L1617,S1004,2025-02-27T17:55:25,104,tablet
L1618,S1005,2025-03-26T14:39:15,65,laptop
L1619,S1013,2025-04-29T20:03:18,112,mobile
L1620,S1025,2025-04-23T06:53:32,6,desktop
L1621,S1050,2025-04-12T06:15:22,36,tablet
L1622,S1050,2025-03-16T21:05:56,36,desktop
L1623,S1013,2025-03-18T14:44:52,99,desktop
L1624,S1034,2025-04-07T12:50:10,31,tablet
L1625,S1025,2025-04-09T00:48:03,44,mobile
L1626,S1011,2025-04-03T22:59:03,98,desktop
L1627,S1048,2025-03-27T05:32:21,71,desktop
L1628,S1017,2025-03-20T14:16:17,86,mobile
L1629,S1013,2025-03-08T20:46:48,118,desktop
L1630,S1043,2025-02-23T00:24:31,19,laptop
L1631,S1041,2025-03-16T00:35:42,46,desktop
L1632,S1011,2025-04-19T23:59:20,40,desktop
L1633,S1026,2025-04-19T11:45:48,36,desktop
L1634,S1003,2025-03-30T06:55:58,105,tablet
L1635,S1045,2025-03-31T18:12:02,24,mobile
L1636,S1050,2025-02-10T13:25:42,36,laptop
L1637,S1032,2025-02-10T17:54:22,92,mobile
L1638,S1049,2025-04-03T13:35:21,12,desktop
L1639,S1023,2025-04-05T10:53:37,24,desktop
L1640,S1009,2025-03-21T05:40:53,34,mobile
L1641,S1036,2025-04-19T10:24:27,87,mobile
L1642,S1029,2025-04-14T01:22:44,29,desktop
L1643,S1045,2025-03-10T13:11:26,50,laptop
L1644,S1017,2025-04-30T02:57:43,10,tablet
L1645,S1046,2025-03-16T08:22:27,76,mobile
L1646,S1035,2025-04-10T13:08:27,67,laptop
L1647,S1037,2025-02-19T23:47:49,74,mobile
L1648,S1021,2025-04-13T23:32:47,64,mobile
L1649,S1039,2025-05-01T15:48:14,115,laptop
L1650,S1005,2025-03-25T10:33:54,24,tablet
L1651,S1019,2025-04-22T10:18:32,38,mobile
L1652,S1030,2025-02-01T22:36:09,104,tablet
L1653,S1047,2025-02-19T21:15:05,118,desktop
L1654,S1040,2025-04-26T01:28:56,51,laptop
L1655,S1021,2025-04-12T20:59:07,13,tablet
L1656,S1013,2025-03-24T18:05:46,92,tablet
L1657,S1050,2025-03-27T09:56:18,24,mobile
L1658,S1021,2025-03-13T15:50:20,87,mobile
L1659,S1008,2025-02-11T05:13:07,71,desktop
L1660,S1003,2025-04-23T23:04:00,21,laptop
L1661,S1003,2025-02-21T11:48:12,18,tablet
L1662,S1013,2025-02-11T11:02:16,9,tablet
L1663,S1043,2025-03-21T10:29:50,72,mobile
L1664,S1004,2025-03-09T10:35:31,33,desktop
L1665,S1001,2025-05-02T07:05:34,31,tablet
L1666,S1006,2025-03-19T07:34:55,107,desktop
L1667,S1024,2025-03-28T01:12:21,100,tablet
L1668,S1024,2025-04-19T23:39:39,95,desktop
L1669,S1040,2025-02-27T16:19:14,72,desktop
L1670,S1047,2025-02-08T16:56:29,111,mobile
L1671,S1005,2025-02-22T20:00:31,71,desktop
L1672,S1007,2025-04-13T06:41:54,34,tablet
L1673,S1013,2025-02-20T14:55:34,72,laptop
L1674,S1037,2025-04-03T14:02:17,27,tablet
L1675,S1048,2025-02-12T02:47:28,103,mobile
L1676,S1044,2025-03-18T09:49:18,94,tablet
L1677,S1007,2025-02-18T01:37:08,106,laptop
L1678,S1036,2025-03-12T20:37:16,69,mobile
L1679,S1043,2025-02-17T05:30:11,73,tablet
L1680,S1023,2025-04-30T11:52:03,45,mobile
L1681,S1024,2025-03-13T21:45:17,102,tablet
L1682,S1047,2025-03-05T06:37:13,82,laptop
L1683,S1037,2025-03-26T20:19:35,32,tablet
L1684,S1050,2025-03-27T07:04:27,100,mobile
L1685,S1024,2025-03-17T19:06:06,62,tablet
L1686,S1001,2025-04-13T09:21:28,9,mobile
L1687,S1039,2025-02-03T10:54:45,71,laptop
L1688,S1020,2025-02-02T12:13:54,43,laptop
L1689,S1014,2025-04-25T22:53:54,45,desktop
L1690,S1050,2025-04-22T16:11:02,93,mobile
L1691,S1036,2025-03-23T12:16:27,76,laptop
L1692,S1007,2025-02-05T12:51:26,63,mobile
L1693,S1010,2025-02-15T07:26:23,38,mobile
L1694,S1038,2025-02-26T03:08:02,34,mobile
L1695,S1020,2025-02-10T19:04:47,78,tablet
L1696,S1037,2025-05-01T23:44:41,32,desktop
L1697,S1047,2025-03-05T09:30:45,106,tablet
L1698,S1012,2025-03-21T06:41:30,110,desktop
L1699,S1039,2025-04-05T05:29:13,43,desktop
L1700,S1047,2025-04-21T08:29:48,78,tablet
L1701,S1006,2025-04-18T14:44:27,12,mobile
L1702,S1023,2025-04-28T06:59:25,109,tablet
L1703,S1027,2025-04-27T03:07:05,20,laptop
L1704,S1048,2025-04-06T06:00:39,113,desktop
L1705,S1041,2025-04-18T08:26:31,85,tablet
L1706,S1004,2025-03-03T11:07:19,72,desktop
L1707,S1021,2025-03-26T07:03:09,77,laptop
L1708,S1021,2025-03-22T15:36:21,94,laptop
L1709,S1010,2025-02-06T18:38:41,91,tablet
L1710,S1029,2025-04-15T23:10:12,81,desktop
L1711,S1015,2025-03-15T19:24:30,42,tablet
L1712,S1010,2025-02-14T16:56:53,48,desktop
L1713,S1031,2025-03-29T08:28:42,100,desktop
L1714,S1036,2025-03-12T15:06:30,38,desktop
L1715,S1026,2025-03-22T14:15:28,60,laptop
L1716,S1049,2025-02-14T23:11:48,66,laptop
L1717,S1032,2025-03-12T06:05:05,88,laptop
L1718,S1036,2025-04-02T16:18:06,99,laptop
L1719,S1016,2025-02-08T19:52:04,39,tablet
L1720,S1021,2025-04-09T08:28:49,78,desktop
L1721,S1008,2025-04-08T02:12:37,57,tablet
L1722,S1024,2025-03-07T16:32:29,29,mobile
L1723,S1023,2025-03-31T12:45:33,88,desktop
L1724,S1050,2025-03-03T11:12:16,26,mobile
L1725,S1040,2025-04-22T15:21:17,107,tablet
L1726,S1040,2025-02-16T00:42:25,61,desktop
L1727,S1015,2025-02-21T06:13:31,92,mobile
L1728,S1010,2025-04-16T10:34:22,98,desktop
L1729,S1008,2025-04-14T16:16:31,11,laptop
L1730,S1040,2025-05-02T20:21:43,23,mobile
L1731,S1001,2025-03-07T04:48:19,93,desktop
L1732,S1020,2025-03-17T13:38:41,65,desktop
L1733,S1022,2025-02-22T03:57:10,99,laptop
L1734,S1014,2025-03-26T22:11:09,71,mobile
L1735,S1036,2025-03-20T18:27:29,84,laptop
L1736,S1045,2025-04-10T17:08:34,90,desktop
L1737,S1025,2025-03-30T11:25:30,120,desktop
L1738,S1017,2025-02-18T09:47:55,12,mobile
L1739,S1013,2025-04-19T11:52:03,94,mobile
L1740,S1004,2025-03-19T00:21:45,88,desktop
L1741,S1005,2025-03-11T14:32:02,89,mobile
L1742,S1043,2025-04-25T14:25:20,89,mobile
L1743,S1007,2025-02-03T17:22:51,42,tablet
L1744,S1015,2025-03-10T20:01:24,70,desktop
L1745,S1021,2025-03-20T22:16:11,115,desktop
L1746,S1012,2025-02-21T04:20:17,69,tablet
L1747,S1036,2025-05-02T19:28:37,96,desktop
L1748,S1003,2025-02-25T21:23:26,72,mobile
L1749,S1022,2025-03-21T10:33:05,55,laptop
L1750,S1002,2025-03-07T12:58:51,92,mobile
L1751,S1023,2025-04-03T13:49:08,43,laptop
L1752,S1033,2025-02-28T15:46:05,108,desktop
L1753,S1041,2025-02-26T21:21:42,117,tablet
L1754,S1002,2025-03-27T18:01:39,40,laptop
L1755,S1010,2025-03-07T01:20:41,119,tablet
L1756,S1043,2025-02-15T04:45:57,16,tablet
L1757,S1034,2025-04-08T16:46:04,83,laptop
L1758,S1027,2025-02-25T05:00:23,78,laptop
L1759,S1028,2025-03-04T04:49:47,82,mobile
L1760,S1029,2025-03-26T12:25:17,21,laptop
L1761,S1042,2025-02-15T07:49:55,79,laptop
L1762,S1009,2025-03-03T20:56:37,93,laptop
L1763,S1028,2025-05-01T03:03:13,103,laptop
L1764,S1042,2025-03-28T17:06:28,25,mobile
L1765,S1005,2025-03-27T23:37:20,73,desktop
L1766,S1012,2025-03-04T16:58:52,112,laptop
L1767,S1047,2025-02-04T17:37:35,102,mobile
L1768,S1027,2025-03-13T19:12:40,43,tablet
L1769,S1048,2025-04-22T15:37:17,119,mobile
L1770,S1010,2025-04-18T12:22:41,29,desktop
L1771,S1009,2025-02-19T19:24:56,8,mobile
L1772,S1039,2025-03-28T22:13:53,83,laptop
L1773,S1039,2025-02-24T09:56:59,34,desktop
L1774,S1023,2025-02-09T14:06:59,93,tablet
L1775,S1009,2025-03-22T15:25:35,113,tablet
L1776,S1046,2025-04-05T22:31:46,52,laptop
L1777,S1025,2025-03-21T14:04:35,65,laptop
L1778,S1011,2025-02-20T15:15:11,33,desktop
L1779,S1027,2025-04-17T02:25:47,6,mobile
L1780,S1027,2025-02-23T11:30:51,100,laptop
L1781,S1049,2025-02-21T17:35:22,13,laptop
L1782,S1029,2025-04-27T01:28:56,83,tablet
L1783,S1045,2025-03-05T09:59:13,115,tablet
L1784,S1016,2025-03-15T09:12:08,56,desktop
L1785,S1039,2025-04-14T06:22:21,110,tablet
L1786,S1047,2025-03-04T06:01:45,55,desktop
L1787,S1034,2025-02-12T11:39:02,62,tablet
L1788,S1003,2025-04-28T02:18:02,36,tablet
L1789,S1048,2025-02-05T16:23:17,76,tablet
L1790,S1034,2025-04-17T03:52:37,85,desktop
L1791,S1013,2025-03-02T03:25:20,61,tablet
L1792,S1020,2025-04-17T23:43:24,110,mobile
L1793,S1030,2025-02-18T00:52:01,59,mobile
L1794,S1040,2025-05-02T02:25:37,11,laptop
L1795,S1030,2025-04-23T10:43:02,87,tablet
L1796,S1006,2025-04-13T00:48:51,69,desktop
L1797,S1012,2025-04-18T11:30:01,79,laptop
L1798,S1026,2025-03-14T00:35:17,46,tablet
L1799,S1002,2025-02-19T05:44:33,63,laptop
L1800,S1030,2025-02-10T15:03:32,37,mobile
L1801,S1045,2025-04-05T20:13:04,96,laptop
L1802,S1046,2025-04-14T01:33:01,20,desktop
L1803,S1008,2025-04-11T10:33:10,62,mobile
L1804,S1006,2025-03-24T17:30:29,95,tablet
L1805,S1047,2025-04-19T16:14:38,70,laptop
L1806,S1025,2025-03-27T07:19:26,53,desktop
L1807,S1050,2025-02-18T11:06:58,47,laptop
L1808,S1011,2025-04-27T05:25:09,23,laptop
L1809,S1050,2025-04-12T00:06:58,11,tablet
L1810,S1020,2025-03-03T22:09:18,98,tablet
L1811,S1019,2025-04-03T16:39:58,28,desktop
L1812,S1009,2025-02-21T13:36:14,5,mobile
L1813,S1001,2025-03-18T09:38:24,68,tablet
L1814,S1035,2025-04-21T06:25:50,5,tablet
L1815,S1016,2025-02-22T22:16:40,80,tablet
L1816,S1030,2025-03-13T16:38:50,61,desktop
L1817,S1039,2025-04-01T03:15:52,5,laptop
L1818,S1036,2025-02-28T20:58:31,84,laptop
L1819,S1004,2025-02-19T19:38:01,23,desktop
L1820,S1042,2025-03-07T18:12:01,9,laptop
L1821,S1003,2025-04-07T15:08:23,78,mobile
L1822,S1022,2025-05-02T05:34:37,16,desktop
L1823,S1007,2025-03-14T08:30:19,27,laptop
L1824,S1044,2025-03-01T11:34:47,83,laptop
L1825,S1030,2025-04-15T15:00:06,79,mobile
L1826,S1003,2025-02-10T21:55:30,103,mobile
L1827,S1021,2025-03-09T15:45:15,119,tablet
L1828,S1005,2025-04-16T12:13:23,59,desktop
L1829,S1019,2025-03-19T14:00:28,22,desktop
L1830,S1045,2025-04-26T07:29:27,40,mobile
L1831,S1034,2025-03-14T01:03:03,72,laptop
L1832,S1045,2025-02-22T04:02:57,83,desktop
L1833,S1007,2025-03-29T08:18:25,98,desktop
L1834,S1031,2025-04-13T04:08:25,93,mobile
L1835,S1028,2025-04-01T23:38:09,113,mobile
L1836,S1017,2025-03-24T21:10:32,78,mobile
L1837,S1009,2025-04-02T12:19:28,77,tablet
L1838,S1034,2025-04-13T16:02:55,85,tablet
L1839,S1032,2025-04-21T07:39:21,28,laptop
L1840,S1046,2025-03-02T01:48:41,29,desktop
L1841,S1008,2025-02-04T04:49:06,64,desktop
L1842,S1048,2025-04-25T05:04:16,31,tablet
L1843,S1027,2025-02-06T06:55:47,47,mobile
L1844,S1036,2025-04-21T03:08:34,86,laptop
L1845,S1001,2025-04-05T01:40:26,30,mobile
L1846,S1017,2025-04-19T14:12:51,13,mobile
L1847,S1020,2025-03-23T01:35:51,75,mobile
L1848,S1050,2025-02-02T11:12:43,19,mobile
L1849,S1022,2025-03-12T07:47:13,97,desktop
L1850,S1012,2025-02-20T17:00:51,47,mobile
L1851,S1044,2025-03-20T09:19:42,65,desktop
L1852,S1042,2025-02-15T01:15:17,66,laptop
L1853,S1041,2025-03-18T14:14:34,119,mobile
L1854,S1030,2025-04-18T23:45:07,109,tablet
L1855,S1048,2025-02-07T07:27:59,111,mobile
L1856,S1037,2025-04-13T06:12:51,91,mobile
L1857,S1036,2025-03-25T21:37:44,7,laptop
L1858,S1037,2025-04-09T10:14:25,47,mobile
L1859,S1005,2025-02-16T08:49:51,40,desktop
L1860,S1022,2025-03-10T07:17:58,85,laptop
L1861,S1037,2025-04-01T16:16:59,54,laptop
L1862,S1039,2025-02-13T05:11:34,115,mobile
L1863,S1046,2025-04-26T03:47:22,45,desktop
L1864,S1018,2025-03-14T01:18:40,16,tablet
L1865,S1016,2025-03-09T22:46:39,62,mobile
L1866,S1014,2025-03-24T20:29:52,43,laptop
L1867,S1008,2025-03-10T04:54:39,105,desktop
L1868,S1050,2025-02-21T11:50:55,16,tablet
L1869,S1033,2025-02-04T07:01:39,107,tablet
L1870,S1033,2025-02-16T19:57:09,29,mobile
L1871,S1031,2025-04-13T23:38:11,116,mobile
L1872,S1050,2025-03-05T15:40:40,23,desktop
L1873,S1034,2025-04-08T13:47:27,21,laptop
L1874,S1047,2025-02-05T10:05:55,63,tablet
L1875,S1046,2025-04-26T20:04:44,71,desktop
L1876,S1001,2025-03-04T01:33:51,10,desktop
L1877,S1022,2025-03-19T04:49:29,118,desktop
L1878,S1007,2025-03-24T09:57:33,103,mobile
L1879,S1002,2025-03-29T22:44:14,102,mobile
L1880,S1041,2025-04-29T11:45:06,31,mobile
L1881,S1013,2025-02-20T13:35:20,41,mobile
L1882,S1035,2025-03-04T20:35:53,103,tablet
L1883,S1043,2025-02-13T07:04:17,39,laptop
L1884,S1011,2025-02-28T10:32:43,19,desktop
L1885,S1040,2025-03-28T04:56:52,70,desktop
L1886,S1014,2025-03-26T13:06:31,49,mobile
L1887,S1018,2025-02-15T14:46:35,95,mobile
L1888,S1037,2025-02-25T15:24:32,26,desktop
L1889,S1020,2025-04-02T09:55:52,119,mobile
L1890,S1035,2025-03-16T22:41:57,11,laptop
L1891,S1002,2025-03-19T13:49:07,120,desktop
L1892,S1007,2025-03-11T02:46:38,11,desktop
L1893,S1028,2025-03-11T22:09:27,27,tablet
L1894,S1040,2025-03-08T09:35:23,44,mobile
L1895,S1013,2025-04-12T02:05:58,102,desktop
L1896,S1049,2025-04-17T02:10:20,64,laptop
L1897,S1006,2025-04-21T19:00:19,107,tablet
L1898,S1007,2025-03-18T02:30:48,44,tablet
L1899,S1031,2025-02-24T08:48:42,33,laptop
L1900,S1040,2025-02-26T22:13:54,51,tablet
L1901,S1012,2025-04-10T19:08:43,90,mobile
L1902,S1021,2025-03-17T21:09:04,67,desktop
L1903,S1005,2025-03-20T00:32:04,19,mobile
L1904,S1031,2025-03-18T15:41:46,113,laptop
L1905,S1019,2025-04-17T10:21:31,49,laptop
L1906,S1033,2025-02-11T20:46:28,56,desktop
L1907,S1021,2025-03-27T20:50:54,88,desktop
L1908,S1020,2025-03-25T14:18:44,64,tablet
L1909,S1038,2025-03-14T00:18:53,35,laptop
L1910,S1036,2025-02-17T07:28:09,66,tablet
L1911,S1005,2025-03-06T22:50:48,31,tablet
L1912,S1028,2025-03-28T22:37:23,105,mobile
L1913,S1035,2025-04-10T06:22:21,35,laptop
L1914,S1043,2025-04-07T21:13:06,14,tablet
L1915,S1008,2025-03-31T08:45:55,81,tablet
L1916,S1021,2025-03-27T18:22:24,17,tablet
L1917,S1012,2025-03-03T18:42:01,56,desktop
L1918,S1039,2025-02-12T10:19:07,92,tablet
L1919,S1021,2025-03-21T20:42:59,87,desktop
L1920,S1006,2025-02-22T23:59:50,109,laptop
L1921,S1038,2025-04-30T13:39:51,101,desktop
L1922,S1049,2025-02-16T02:49:12,89,laptop
L1923,S1029,2025-03-25T10:50:27,42,tablet
L1924,S1040,2025-03-29T23:36:11,62,laptop
L1925,S1014,2025-04-09T00:58:28,117,mobile
L1926,S1020,2025-03-29T05:45:56,106,mobile
L1927,S1028,2025-04-12T13:30:00,49,desktop
L1928,S1038,2025-02-02T15:50:40,83,tablet
L1929,S1009,2025-04-25T15:24:22,42,desktop
L1930,S1024,2025-04-30T08:35:01,75,desktop
L1931,S1001,2025-04-11T03:51:33,76,mobile
L1932,S1008,2025-04-26T11:46:41,41,desktop
L1933,S1016,2025-03-15T18:53:43,94,tablet
L1934,S1041,2025-03-04T18:12:56,96,tablet
L1935,S1026,2025-03-10T22:02:10,60,laptop
L1936,S1043,2025-02-18T17:00:00,65,laptop
L1937,S1013,2025-03-27T19:09:04,54,mobile
L1938,S1027,2025-02-16T20:23:38,41,laptop
L1939,S1009,2025-02-02T23:57:41,14,desktop
L1940,S1010,2025-04-12T21:46:03,118,tablet
L1941,S1043,2025-03-16T06:35:30,22,desktop
L1942,S1009,2025-04-05T05:27:34,108,tablet
L1943,S1030,2025-04-29T15:07:24,105,tablet
L1944,S1040,2025-02-19T07:53:00,63,tablet
L1945,S1036,2025-04-22T11:49:48,62,tablet
L1946,S1023,2025-02-23T18:56:23,28,tablet
L1947,S1039,2025-02-02T14:14:18,78,tablet
L1948,S1047,2025-02-24T20:35:33,96,mobile
L1949,S1027,2025-05-02T19:58:36,74,mobile
L1950,S1003,2025-02-05T13:09:25,77,tablet
L1951,S1046,2025-03-09T15:46:32,19,tablet
L1952,S1045,2025-02-09T15:29:09,23,mobile
L1953,S1030,2025-03-24T01:30:18,15,desktop
L1954,S1016,2025-03-19T17:49:02,85,desktop
L1955,S1044,2025-04-04T09:31:28,74,mobile
L1956,S1040,2025-02-06T23:53:53,120,mobile
L1957,S1035,2025-04-18T11:01:29,6,tablet
L1958,S1030,2025-03-23T15:31:00,120,tablet
L1959,S1037,2025-04-14T02:50:13,47,tablet
L1960,S1023,2025-04-20T08:55:12,42,mobile
L1961,S1011,2025-02-05T07:14:28,93,mobile
L1962,S1047,2025-04-19T02:09:29,77,mobile
L1963,S1004,2025-04-03T23:18:02,65,laptop
L1964,S1037,2025-02-06T21:12:29,89,mobile
L1965,S1048,2025-04-03T11:41:21,8,mobile
L1966,S1032,2025-02-09T21:11:16,21,desktop
L1967,S1018,2025-02-26T08:14:47,21,mobile
L1968,S1018,2025-04-26T03:52:48,37,desktop
L1969,S1048,2025-02-12T16:51:15,82,laptop
L1970,S1038,2025-04-14T14:50:37,24,tablet
L1971,S1024,2025-04-21T07:19:49,27,mobile
L1972,S1045,2025-02-24T19:18:05,67,laptop
L1973,S1034,2025-04-26T13:33:52,9,mobile
L1974,S1006,2025-02-15T22:57:48,81,laptop
L1975,S1032,2025-04-15T22:59:10,57,tablet
L1976,S1016,2025-04-07T00:23:29,61,laptop
L1977,S1014,2025-03-29T23:11:51,98,mobile
L1978,S1004,2025-04-05T05:30:07,38,desktop
L1979,S1004,2025-02-18T03:27:45,64,tablet
L1980,S1031,2025-03-03T03:09:41,65,laptop
L1981,S1025,2025-04-09T05:37:08,95,tablet
L1982,S1031,2025-02-27T08:53:10,23,tablet
L1983,S1001,2025-03-01T21:51:35,107,tablet
L1984,S1025,2025-04-08T17:55:46,45,desktop
L1985,S1007,2025-05-01T23:20:58,73,mobile
L1986,S1028,2025-04-02T03:27:35,88,mobile
L1987,S1022,2025-02-28T02:49:50,39,desktop
L1988,S1017,2025-04-06T09:39:20,79,tablet
L1989,S1030,2025-04-17T22:29:51,91,laptop
L1990,S1047,2025-04-08T02:32:31,80,laptop
L1991,S1034,2025-03-06T15:08:22,91,laptop
L1992,S1021,2025-03-27T00:57:18,6,desktop
L1993,S1005,2025-02-03T00:47:50,57,desktop
L1994,S1034,2025-02-11T23:02:48,92,tablet
L1995,S1023,2025-02-23T04:12:08,97,mobile
L1996,S1017,2025-02-20T14:49:59,9,desktop
L1997,S1040,2025-02-10T19:09:50,12,laptop
L1998,S1039,2025-04-04T19:45:58,20,desktop
L1999,S1006,2025-04-26T00:34:37,82,laptop
L2000,S1025,2025-04-06T14:26:08,102,laptop
